Player ID,Team,Player,Primary Position,Secondary Position,Lineup Slot,Rotation Slot
6d08a623-3ca9-4da9-8a42-a8628205b2b0,Nashville Foxes,Daniel King,SP,SS,,1
e6ddc9c3-f747-433f-aff9-2e963eb4bb14,Nashville Foxes,Tyler Adams,SP,C,,2
55efd229-2a53-4887-9d2d-bfb245d5208b,Nashville Foxes,Joshua Adams,SP,RP,,3
32faed3f-899f-4a8e-899a-a96363a2b3df,Nashville Foxes,Matthew Hayes,SP,CF,,4
66ff6d88-905b-4b80-9707-122d47eeccd8,Nashville Foxes,Thomas Carter,SP,SS,,5
e473ffb9-5dc3-484e-ae66-27d69fefcb7f,Nashville Foxes,Anthony Irving,RP,2B,,
648f4f7c-8073-4243-8836-feddb903d850,Nashville Foxes,Mark Owens,RP,C,,
55a22881-35fe-49da-8aef-6cd6262048a1,Nashville Foxes,Samuel Garcia,RP,RF,,
ac2e3487-086d-44e4-b399-40598d045c2a,Nashville Foxes,Robert Johnson,RP,3B,,
1be726f3-bd55-4fc7-acf9-41324df8bd5a,Nashville Foxes,Robert Carter,RP,2B,,
87cdbd14-ef01-44dc-ae49-fe73754f8416,Nashville Foxes,Anthony Walker,RP,RF,,
b867d493-4c3c-4ac5-9f99-4f092b6d402a,Nashville Foxes,Ryan Foster,RP,LF,,
3a713af9-7db4-4289-8cbe-ede21242ebc1,Nashville Foxes,Joshua Adams,RP,3B,,
a528f8a9-d0c9-4c8f-8190-2d13f9fca64f,Nashville Foxes,James Edwards,C,3B,1,
f11162fc-7a71-4b16-9e10-11f075d571da,Nashville Foxes,William Lopez,1B,LF,2,
53a8b25b-8929-4b56-9e86-5a688ecc3efb,Nashville Foxes,Samuel Carter,2B,1B,3,
31e6525e-0b80-4e1b-ad69-21a1da745bdb,Nashville Foxes,Joseph Parker,3B,SP,4,
7b1b1b46-56fb-45dd-b9ab-9eb2de8bb4f2,Nashville Foxes,James Reed,SS,SP,5,
b49b8d75-b1ca-4b7a-aa42-80096230411d,Nashville Foxes,Jordan Reed,LF,2B,6,
4e895b94-c1fd-4d8f-9ca6-9e94ce556bf6,Nashville Foxes,Andrew Morris,CF,1B,7,
a9a5145b-4301-4add-83c8-01a4df52cf28,Nashville Foxes,Michael Adams,RF,2B,8,
dba2a9af-4080-4e0a-9472-ac826cbcfb7b,Nashville Foxes,Samuel Parker,DH,1B,9,
e460f3c9-9a4a-4549-aacc-873f4f1f54c2,Nashville Foxes,Michael Foster,C,CF,,
9a3e3966-b3a6-44a8-8a90-510a61c10ac4,Nashville Foxes,Ryan Carter,1B,CF,,
2a358e71-d474-42c9-b0e8-22e16b06b654,Nashville Foxes,Brandon Irving,2B,SS,,
66ad64cb-d6f3-41dc-a5f3-d2093bc44e54,Nashville Foxes,Matthew King,3B,RP,,
cdc0cf33-5821-4da3-b56f-1ae58f548f6f,Nashville Foxes,Robert Carter,SS,C,,
f676fe8c-a192-46c8-9db3-160ad8150981,Nashville Foxes,Jordan Owens,LF,SS,,
c086f640-10cd-420c-835d-fa4f3c34bba4,Nashville Foxes,Daniel Carter,CF,RP,,
781ae970-0633-41bd-aeab-fb86861c2eda,Nashville Foxes,Brandon Diaz,RF,3B,,
a13e21bd-98f1-4642-98cf-16c85be5a79f,Nashville Foxes,Andrew Turner,DH,SP,,
4f3c2551-dd5f-42a0-b116-d7c0f1cf67a4,Nashville Foxes,David Garcia,SP,LF,,
243c270e-3305-4047-996c-963b1468a9c1,Nashville Foxes,William Sanchez,RP,CF,,
a9039473-b919-47ac-a4db-e6bc5355735f,Nashville Foxes,David Edwards,C,SP,,
08120cfe-7721-4044-bfc5-f858259de8c8,Nashville Foxes,John Irving,1B,SP,,
a964b816-e34d-432e-98f6-af394df8eb46,Nashville Foxes,Nicholas Walker,2B,RP,,
83c81880-8a6c-4c36-8922-5b98667d1822,Nashville Foxes,Brandon Walker,3B,1B,,
08b5f681-36c0-402a-9782-fe9201386df3,Nashville Foxes,William Morris,SS,CF,,
f8160519-0f96-43b8-9d37-c61f997d682a,Nashville Foxes,Robert Reed,LF,3B,,
18d084b1-f27c-4ad0-a0d7-ebf92b8f4236,Nashville Foxes,Ryan Edwards,CF,LF,,
6e3e2eef-77b6-47d7-b0d9-b541ac8dacb5,St. Louis Owls,Mark Diaz,SP,RP,,1
9b79301c-3c0f-487d-b847-1e5baaf61303,St. Louis Owls,John Edwards,SP,3B,,2
d6b9f857-a11a-4ea6-8e57-5c5877ae8548,St. Louis Owls,David Foster,SP,DH,,3
211a7215-636d-45c5-8ebb-9c35635b2b17,St. Louis Owls,Thomas Johnson,SP,RF,,4
c29a3c02-5e1e-4ad2-b059-92814ad0db71,St. Louis Owls,Samuel Hayes,SP,DH,,5
eac1f960-b7c4-4f09-ad27-148d9b9aafb4,St. Louis Owls,Michael Turner,RP,LF,,
981c90e1-e7a9-4270-8d94-aa5341deb867,St. Louis Owls,Thomas Walker,RP,C,,
02e7d0ef-1571-470d-9b09-4eddc8980149,St. Louis Owls,Brandon Garcia,RP,SP,,
6e8372c7-565e-42c8-8d80-63b0ee0a3d75,St. Louis Owls,Brandon Adams,RP,2B,,
7591fb89-b830-47a4-9d61-c7f78cfc7d6c,St. Louis Owls,James Sanchez,RP,SS,,
314a286a-26f1-44d3-a1d1-613b518b0116,St. Louis Owls,Joshua Walker,RP,2B,,
3a7af2e6-836f-497b-afc4-b02d2396006f,St. Louis Owls,Nicholas Adams,RP,3B,,
f3c678ee-ae93-427a-be06-070b07fbc779,St. Louis Owls,James Nelson,RP,LF,,
a52465f8-390e-4c58-aa77-1bc9a250b909,St. Louis Owls,Joseph Edwards,C,RF,1,
22cb5135-feae-45b8-835b-ae2184d2ed06,St. Louis Owls,Andrew Garcia,1B,RF,2,
3da7baa8-1c2f-402d-b394-bb2ced57256b,St. Louis Owls,Robert Reed,2B,3B,3,
c46e1905-b735-433d-ae62-a77ac44ab4ec,St. Louis Owls,Thomas Adams,3B,CF,4,
c87daba9-7970-4431-bdf6-39cfabbfe22d,St. Louis Owls,Michael Diaz,SS,RF,5,
82b53d8d-b898-453a-94df-5cec7d7154e0,St. Louis Owls,Jordan Diaz,LF,RF,6,
f509bdfa-f5ae-498a-bc8f-aff0ce5cf933,St. Louis Owls,Andrew Nelson,CF,SP,7,
34a444e8-b1f1-483a-aed4-15061cc75e2a,St. Louis Owls,Andrew Irving,RF,SS,8,
834948c7-06ba-4391-b865-b259783848d1,St. Louis Owls,Nicholas Lopez,DH,LF,9,
f1ff9870-39b1-4c0f-af86-cc23c9a5ef85,St. Louis Owls,Daniel Nelson,C,RP,,
a6176857-3dd1-4916-bb2c-1e24ed91653f,St. Louis Owls,William Garcia,1B,CF,,
74163991-3089-4203-92e8-d1be3092f51d,St. Louis Owls,Joshua Garcia,2B,CF,,
c32950d7-c4f2-4d72-9acb-c84845e4f7ce,St. Louis Owls,Matthew Walker,3B,CF,,
38f524f8-23a2-4544-84a1-7d4576954043,St. Louis Owls,James Irving,SS,LF,,
6844dc01-773d-4613-80f8-2ac658ff5eb8,St. Louis Owls,Mark Irving,LF,C,,
0e15ff3f-21d5-49c9-a691-9cf19f056769,St. Louis Owls,Matthew Garcia,CF,SS,,
62cd7577-5002-4dd0-b0d2-7161e38ee412,St. Louis Owls,Daniel Baker,RF,1B,,
2724669a-6a2b-4628-9ca6-f983ab60c6f6,St. Louis Owls,Matthew Turner,DH,RP,,
4a664926-0e81-4f77-8ef6-633fb027b16d,St. Louis Owls,William Turner,SP,DH,,
528fb037-6a6f-403f-a1e4-827413e50257,St. Louis Owls,Andrew Reed,RP,LF,,
356532d5-c302-4aac-ab96-cc1252982ace,St. Louis Owls,John Carter,C,RP,,
abc434d9-0d53-4239-8891-26be34fc2685,St. Louis Owls,Jordan Lopez,1B,2B,,
115cf632-7fd0-43ed-b521-8c847394741e,St. Louis Owls,Robert Hayes,2B,1B,,
1f8688f3-4406-45ae-9ccb-a7c3f2c441da,St. Louis Owls,Joshua Adams,3B,2B,,
85c97987-22fd-4e21-8941-e0735b93bd1b,St. Louis Owls,Tyler Reed,SS,3B,,
cb963aa3-1fbf-4cff-a685-c80db97bd4c6,St. Louis Owls,Robert Parker,LF,2B,,
ca0c0e07-715d-4cfa-9ba7-a88f3a4797db,St. Louis Owls,John Adams,CF,RF,,
68234d8f-9720-47dd-a880-467334137c30,Portland Captains,Anthony Parker,SP,LF,,1
d644ffa7-4623-4c26-9306-efa650566b8f,Portland Captains,Jordan Nelson,SP,DH,,2
4416a32d-4f5b-4af2-9da0-793bbf2d679c,Portland Captains,Daniel Sanchez,SP,RF,,3
a63e1f5d-d97c-4ce7-9171-a659a58dc7de,Portland Captains,Jordan Reed,SP,CF,,4
91ceb608-347e-426b-8318-1018034f4413,Portland Captains,Nicholas Turner,SP,DH,,5
efac4f0b-2170-4c1d-969f-67b0d72ea5f2,Portland Captains,Ryan Walker,RP,DH,,
ad9c111c-cc96-4ea8-a966-f3a35f6a868d,Portland Captains,Daniel Turner,RP,1B,,
37c00da0-1e61-4c46-aa3d-197826d74a5f,Portland Captains,Tyler Hayes,RP,LF,,
74fd3d3e-6ce7-4842-85ad-1176fb29ebe9,Portland Captains,Jordan Baker,RP,DH,,
e74e5b12-2360-4346-95f2-0b5549d83abf,Portland Captains,Brandon Hayes,RP,1B,,
bfdc1c6b-809d-49b8-bc32-2940acc1056d,Portland Captains,Robert Sanchez,RP,LF,,
fbb073ce-d452-4d20-9bf4-abcac72f5f97,Portland Captains,James Lopez,RP,CF,,
2de259e5-d165-47c3-bded-84475ea6649f,Portland Captains,Robert Diaz,RP,RF,,
806d1104-4479-4aaf-8a2e-569e92770249,Portland Captains,Michael Johnson,C,SS,1,
9d2de551-0193-47a1-b420-fe70c2656aed,Portland Captains,Samuel Owens,1B,3B,2,
eddea4ba-048e-486c-9999-0f55001b063f,Portland Captains,Matthew Morris,2B,CF,3,
956092f1-06bb-42eb-ae5f-2ca84a3d8efc,Portland Captains,David Sanchez,3B,RP,4,
2f30db88-c078-4f5e-9455-95ad37d4e06f,Portland Captains,Samuel Garcia,SS,2B,5,
7bb8b3f8-33f2-45e4-a336-cd83542b9913,Portland Captains,Tyler Sanchez,LF,C,6,
1e1e1385-509e-4341-a9e0-23ff8e118412,Portland Captains,Matthew Reed,CF,DH,7,
afe2b457-5f11-44b8-990e-596b60deeac8,Portland Captains,David Sanchez,RF,1B,8,
58959a7d-34fd-4d02-b81d-57f6a93cdd7d,Portland Captains,Andrew Johnson,DH,RF,9,
4d03860e-b7c0-45f3-98cd-66df70c6be41,Portland Captains,Joshua Foster,C,SS,,
181cc8c8-f78a-4c1d-acf0-c8895ef99fbd,Portland Captains,Robert Carter,1B,LF,,
1418810b-4db3-4f6d-a137-93a0e5789636,Portland Captains,Thomas Johnson,2B,RF,,
2dcf4cad-fee9-445d-a1d2-faf9c4f3266c,Portland Captains,Andrew Parker,3B,SS,,
7ca6a657-d9c6-4f14-9910-4615613c43f6,Portland Captains,Samuel Garcia,SS,2B,,
c83fca41-e0eb-45be-a39d-285bfce6980d,Portland Captains,Daniel Lopez,LF,1B,,
2ae44168-94d7-4173-b926-23d5e59fc346,Portland Captains,Jordan Hayes,CF,DH,,
d1e8dddd-8290-4ca0-afee-c08265c743e1,Portland Captains,Matthew Turner,RF,SS,,
1024bb05-c11f-4600-bca1-2ccc31076bcb,Portland Captains,Robert Johnson,DH,2B,,
4da648bd-fb63-4a21-b049-5ab913763305,Portland Captains,Jordan Baker,SP,2B,,
aea7ae53-8b89-429d-882b-805aa9c5000f,Portland Captains,Thomas King,RP,SS,,
ab668146-55a7-40fd-9c30-0192f9aa8ba2,Portland Captains,Michael Morris,C,3B,,
c74c6b09-3728-43a6-8012-211dc3e597f1,Portland Captains,Anthony Garcia,1B,RF,,
df75fc89-7ec8-4bc8-b1b3-cd70394cd6c7,Portland Captains,Michael Johnson,2B,C,,
b02942f3-405e-456b-84c0-2ae28aa0fc48,Portland Captains,Michael Edwards,3B,2B,,
735f4ce6-eee1-4596-ba18-1cf46852819c,Portland Captains,Thomas Sanchez,SS,C,,
8f2c8ef0-ea74-438e-aab0-148eb32763da,Portland Captains,James Sanchez,LF,C,,
f5c656df-0ac8-4ee1-bce5-f01ce04ee533,Portland Captains,Mark Nelson,CF,SP,,
feb18f72-8049-4730-8c4d-998e92cdf0c1,Baltimore Pilots,James Lopez,SP,RP,,1
46d45a44-139a-4f97-996a-883399e07f4d,Baltimore Pilots,John Carter,SP,RP,,2
eba70181-7df4-4031-96de-f5f1fbad6faa,Baltimore Pilots,Robert Foster,SP,C,,3
0a01ec6a-0856-4528-9daf-e16050c22156,Baltimore Pilots,William Diaz,SP,CF,,4
babdcab3-553f-4a97-b290-8d4244d99008,Baltimore Pilots,Daniel Baker,SP,LF,,5
43f0db37-fd16-493f-982c-ca49d396f24b,Baltimore Pilots,Brandon Lopez,RP,3B,,
362396fc-4937-433e-a435-4da7e6f006ce,Baltimore Pilots,Anthony Adams,RP,SP,,
7298bb1b-e702-4f56-89a8-1ceadba1802b,Baltimore Pilots,Mark Carter,RP,SP,,
470afc13-5b8f-41d9-a1c5-a1f890f9e8dc,Baltimore Pilots,Matthew Reed,RP,2B,,
2ad95ed7-0265-4e1c-a6d3-22483004cc8e,Baltimore Pilots,Mark Diaz,RP,C,,
ae44d47f-64f7-4d6e-a725-6d5989e2ad24,Baltimore Pilots,William Turner,RP,CF,,
d9c5ceb4-a2b5-488c-ac43-8a60f8ca303e,Baltimore Pilots,Tyler Sanchez,RP,1B,,
3c9b9181-dcab-48c3-9ea6-01cd7ee0dde2,Baltimore Pilots,William Irving,RP,RF,,
7a06f4c0-4a6d-48de-afc5-2aa543024ebd,Baltimore Pilots,Michael Carter,C,RP,1,
5b846fcf-782c-46ed-9b03-1fecf687da60,Baltimore Pilots,William Irving,1B,SS,2,
28c8a5e4-1e30-4dc9-a09e-d1f642c3a699,Baltimore Pilots,Michael Nelson,2B,DH,3,
45dbae39-5d22-4ba0-97d1-4fe0942d5317,Baltimore Pilots,Thomas Edwards,3B,RF,4,
937b4689-b71c-479b-a5d3-50fc8bffdc34,Baltimore Pilots,Jordan Adams,SS,C,5,
7676b20c-3551-4780-9a68-fa05d1f939c2,Baltimore Pilots,James Johnson,LF,SS,6,
61dcda41-0a21-45ab-aad5-40e656994fcf,Baltimore Pilots,Samuel Foster,CF,RF,7,
f5117b48-5c09-452c-ac4b-580e4b3badb1,Baltimore Pilots,Tyler Baker,RF,C,8,
c9a7af5e-7fc9-4a64-9484-a49559053543,Baltimore Pilots,Thomas Irving,DH,CF,9,
f6823492-f044-4f77-a53f-5e02fe0b8062,Baltimore Pilots,Tyler Parker,C,LF,,
1cffe981-74db-4390-ba14-986bfac45c1c,Baltimore Pilots,Tyler Adams,1B,SP,,
9a4e045c-39a0-4d9b-8bc9-058e6c74e004,Baltimore Pilots,William Lopez,2B,DH,,
72bb8aea-52b5-476f-b75c-6603c01115bd,Baltimore Pilots,Michael Owens,3B,RP,,
3698c4ae-6015-4032-b74f-86b6cc0ca084,Baltimore Pilots,Thomas Johnson,SS,LF,,
62b1a450-7fef-481c-970d-bb2353dbc8ff,Baltimore Pilots,Joshua Adams,LF,CF,,
2382686f-b8b3-43ac-abec-e7b5e2d8bbca,Baltimore Pilots,Ryan Owens,CF,1B,,
46ec71a6-2eee-499d-9e52-b2586e5ace06,Baltimore Pilots,Andrew King,RF,CF,,
efbd1e26-1e78-4078-9327-acd1e72fe7e7,Baltimore Pilots,Anthony Hayes,DH,CF,,
ca7a43e5-787d-44f7-81d3-0b78f03770a2,Baltimore Pilots,Andrew Sanchez,SP,SS,,
a2c920d0-f8cf-4905-bb0d-e19ffb4fa499,Baltimore Pilots,Mark Walker,RP,RF,,
c44ffd19-291c-4c55-b622-c0711590caa2,Baltimore Pilots,Anthony Baker,C,LF,,
6213b9f0-0239-4b7b-b248-85ef308c2c76,Baltimore Pilots,Robert Turner,1B,SP,,
3008477c-5477-4dc4-919b-a427ca6997bb,Baltimore Pilots,Samuel Walker,2B,RF,,
dc350b50-ae43-4825-a3ca-b0266b637045,Baltimore Pilots,William Johnson,3B,LF,,
9e9ca547-bbde-4f5f-a27f-459870fc4e8f,Baltimore Pilots,Tyler Parker,SS,RP,,
d166aff4-e625-4197-ae77-d126bb4fb16d,Baltimore Pilots,Samuel Parker,LF,C,,
880b7303-909c-4c38-9f3a-114966e127ef,Baltimore Pilots,Robert Parker,CF,LF,,
a22061d6-3369-491c-a5c2-36bb48174009,Austin Stars,James Irving,SP,1B,,1
8fcd1f52-80c6-45d7-bdec-d8b12f37b934,Austin Stars,William Carter,SP,SS,,2
fb5fbb70-00e8-47de-87c4-38addbf140d6,Austin Stars,Joseph Baker,SP,C,,3
45188274-25b1-4ac6-ae5c-3411f7b7496c,Austin Stars,Ryan Owens,SP,RP,,4
4666b080-fdf1-45ef-bf51-b65e04d5eb99,Austin Stars,Ryan Reed,SP,RP,,5
c3db0baf-076f-4ca5-bc44-9deb6a703341,Austin Stars,Matthew Hayes,RP,2B,,
0e1ed323-0b99-421f-b2a6-ed126abec624,Austin Stars,James Baker,RP,SS,,
f27e9bff-41fa-49cd-bf34-596bb31f5b62,Austin Stars,James Morris,RP,SP,,
2f35013e-c13b-4ebf-bcd6-b232373001df,Austin Stars,Thomas Garcia,RP,DH,,
94280891-c1cf-42f5-b5aa-7d43d5e3c2f8,Austin Stars,Brandon Walker,RP,LF,,
8aa9bcb8-3ffa-4d57-a83f-2cb4d084b9f6,Austin Stars,James Parker,RP,RF,,
c39b1107-f0ca-4d7f-af06-7147648282cc,Austin Stars,Ryan Edwards,RP,SP,,
ddfe8f77-77cd-4970-957c-fc0625ec70b4,Austin Stars,Nicholas King,RP,1B,,
39a618e6-83c8-476f-8d81-878371038d20,Austin Stars,Brandon Hayes,C,1B,1,
da9fa9fe-8950-4f57-99f3-f393ca431776,Austin Stars,William Foster,1B,RF,2,
ef818f4a-41db-4a36-bbf3-e42cbe8b6692,Austin Stars,Ryan Nelson,2B,RF,3,
3ba8369b-9db6-4072-a5bf-93ba78e5c93f,Austin Stars,Robert Nelson,3B,SS,4,
be885ad1-2a5b-43cf-ac5a-a34e0e998d91,Austin Stars,Tyler Johnson,SS,RF,5,
34a7e330-6451-4ae3-8a08-13445864235f,Austin Stars,William Reed,LF,1B,6,
62065e1e-4155-40e6-ba17-04535b218fe8,Austin Stars,Mark King,CF,C,7,
1adda192-b64a-4f0e-90c0-e556e1a5d61c,Austin Stars,Michael Diaz,RF,RP,8,
b4b944f9-97b0-4631-8fe3-5be4bad0be5b,Austin Stars,Matthew Nelson,DH,SS,9,
45a04b78-4213-436b-a142-61fd63b77e14,Austin Stars,David Diaz,C,SS,,
60c16b5f-5b70-45dc-a7c2-97bf01e56491,Austin Stars,David Irving,1B,SS,,
d22eae3d-cca9-4007-900e-b5a21b8400d5,Austin Stars,Michael Baker,2B,CF,,
17df3e2c-b884-4e1d-af8d-f62484d5e659,Austin Stars,Brandon King,3B,SS,,
2eaf6a69-d663-4602-9379-8d6e5ac81b6a,Austin Stars,Tyler Hayes,SS,C,,
812e1dbf-831d-49bc-bae2-423395ca015c,Austin Stars,William Hayes,LF,C,,
82302d99-c422-4519-8a97-6d7b4131bb9e,Austin Stars,Michael Reed,CF,RP,,
de22e171-b53f-41b5-9414-037218628c87,Austin Stars,Joshua Baker,RF,2B,,
d9cb241a-12e5-40e2-9982-cf8110ecdb5b,Austin Stars,David Hayes,DH,1B,,
4842fa0e-1b83-42dc-9d03-2f446926c5bc,Austin Stars,Michael Baker,SP,SS,,
b9f67d6b-32ce-4545-b481-808ba913b139,Austin Stars,Daniel Parker,RP,LF,,
1db2b371-9aac-400b-9a43-ba095ae813db,Austin Stars,Jordan Adams,C,RP,,
94963640-47f7-43c1-ae3d-2ad8a0cf643a,Austin Stars,Tyler Nelson,1B,RF,,
8205202f-d32e-406f-bde3-38add3d26da7,Austin Stars,Andrew Irving,2B,DH,,
684a5a65-fffc-4cfa-b192-c61ceefa17a5,Austin Stars,Robert Morris,3B,LF,,
aa2f8661-3da6-4ffe-9033-3caad7c86c33,Austin Stars,Daniel Sanchez,SS,RF,,
bda310b1-8027-4a68-abba-5c7447542cb9,Austin Stars,Brandon Carter,LF,DH,,
bb574fd6-15f9-4543-b08f-2b9df0b7c328,Austin Stars,Thomas Owens,CF,1B,,
9f6bcf89-6815-4f34-b0c3-fc51665841f5,Toronto Lions,Jordan Edwards,SP,CF,,1
41f443e3-099e-4a5f-adc4-4693cad1d3d8,Toronto Lions,Tyler Lopez,SP,RF,,2
d84e8a1a-9f58-4d32-aeeb-cd5078280285,Toronto Lions,Brandon Garcia,SP,RF,,3
4c38e62e-b376-48bd-a234-54de3df5807a,Toronto Lions,Daniel Baker,SP,DH,,4
dcfffcc0-e674-4feb-adab-3da8d6715c73,Toronto Lions,Mark Edwards,SP,LF,,5
bb64f666-d592-4db1-b4ec-535f4799cc30,Toronto Lions,Andrew Adams,RP,SS,,
46de7c83-cb78-49a6-8b6c-30f8983ba4bc,Toronto Lions,John Johnson,RP,CF,,
7446fbf2-a772-4d7a-a7fc-1e34965c5fce,Toronto Lions,David Johnson,RP,2B,,
77168166-3606-4efb-99ec-f12b648ec9d4,Toronto Lions,Anthony Turner,RP,2B,,
357f8159-b97c-4123-b4c2-0e6a6165bd2e,Toronto Lions,Nicholas Foster,RP,C,,
aac26eb0-9a91-47d7-9925-f4948925b171,Toronto Lions,Tyler Foster,RP,LF,,
87080426-db88-4c75-87a6-75e051a87ab8,Toronto Lions,Robert Morris,RP,CF,,
bc2a3044-d86b-4614-a8e5-71e6c9e10d8e,Toronto Lions,Joseph Turner,RP,SP,,
beac8fa3-6abf-44a9-b346-aaf653e57215,Toronto Lions,Michael Lopez,C,2B,1,
18148cbd-5ec9-4a99-8ac0-3501edad83c9,Toronto Lions,Tyler Adams,1B,SS,2,
6e463dc2-c9e6-42db-9388-1e056681c579,Toronto Lions,Brandon Adams,2B,SP,3,
11256fea-1021-4b3c-904a-6682a825dfdb,Toronto Lions,John Nelson,3B,CF,4,
9a63bde1-4ec2-46b0-ada6-6f63bca84ba8,Toronto Lions,Tyler Johnson,SS,C,5,
254a50d7-e399-4a4a-8a6d-d1881ca59690,Toronto Lions,Robert Walker,LF,DH,6,
234872de-1d8a-499d-b975-ea203dc0ccbb,Toronto Lions,Daniel Garcia,CF,SS,7,
a4c880e7-b636-4ac3-bc8f-6da363de49ef,Toronto Lions,Tyler Sanchez,RF,SS,8,
d1326315-54f3-4e2b-9eb2-6b2aecfef1df,Toronto Lions,Mark Diaz,DH,SP,9,
63ba9a89-5550-45bc-b5ec-b5a2078d9c19,Toronto Lions,Nicholas Garcia,C,CF,,
01c0034f-960a-4dcf-b6b9-46cbcf029ef3,Toronto Lions,Brandon Owens,1B,RF,,
4801eeb4-eb7c-4c78-ae75-18d21d6a9d46,Toronto Lions,Thomas Edwards,2B,C,,
04355fba-30e4-4df1-b508-2e8a0c775f01,Toronto Lions,Robert Diaz,3B,RP,,
ca549041-4be4-48d3-be37-ae49c70cd03e,Toronto Lions,Brandon Morris,SS,C,,
d04da072-3db8-44cd-ada1-8f54e926f4ea,Toronto Lions,Tyler Parker,LF,SS,,
fe4b2186-22a3-4a3d-9b11-c9256479f990,Toronto Lions,Mark Walker,CF,LF,,
3b79d4bd-6ec4-422a-984e-d5ad3146da3c,Toronto Lions,Mark Lopez,RF,SP,,
f1dc0987-e8db-496c-859d-dcbfe5604ff8,Toronto Lions,Nicholas Morris,DH,RF,,
3339afa9-41af-46a7-9770-a4eec203af86,Toronto Lions,Samuel Foster,SP,3B,,
3aec1d8b-eb7c-4373-b752-352cd369c031,Toronto Lions,Joseph Walker,RP,SP,,
e76424f4-eaba-48b0-a36a-7da73cf696e2,Toronto Lions,Joseph Adams,C,SS,,
8bd8d5d3-4cbb-4071-bf14-e3ee2428d21d,Toronto Lions,Jordan Nelson,1B,LF,,
68f8e9a9-2530-403a-bb20-d82ebde70f47,Toronto Lions,Robert Nelson,2B,C,,
54cf8b1f-2bb3-47ad-8bc7-96a12d167d3f,Toronto Lions,Brandon Adams,3B,2B,,
2a6b74bb-a214-4919-8139-4c09b1bf930e,Toronto Lions,Michael Nelson,SS,2B,,
6ebe9e8b-dcff-4ec7-b420-21b632620489,Toronto Lions,Thomas Carter,LF,RF,,
a60bfb2a-c266-4b1b-9976-347dcff23d47,Toronto Lions,Daniel Johnson,CF,SP,,
7a8cbefb-3317-419b-8e6f-c00a96059d00,Pittsburgh Bears,William Morris,SP,DH,,1
5286610b-4b80-4948-bb4d-90ef47d5b3c7,Pittsburgh Bears,Nicholas Foster,SP,1B,,2
fa2612ba-b2a2-4ce6-9db4-79b8a0c602b5,Pittsburgh Bears,Joshua Turner,SP,C,,3
901b2ff4-4944-44f6-aa7e-113c0ac18dbd,Pittsburgh Bears,Michael Sanchez,SP,RF,,4
36c02156-0e4c-43e5-87b4-1bbc44cf4189,Pittsburgh Bears,Anthony Owens,SP,CF,,5
49e968d1-fe2c-4608-a3fe-20c861472854,Pittsburgh Bears,John Johnson,RP,2B,,
27efd338-7e44-475c-a800-5b2b9dbe08b9,Pittsburgh Bears,Ryan Diaz,RP,DH,,
3f51ab30-73d6-48e1-a353-9756dcb859d2,Pittsburgh Bears,Joseph Parker,RP,2B,,
c5d0b01b-d4e7-4501-b796-439b6720620b,Pittsburgh Bears,Nicholas Reed,RP,RF,,
8d657404-d20b-4e5f-a06e-a98867fb1c8d,Pittsburgh Bears,Nicholas Edwards,RP,2B,,
0ea6241d-496e-4317-ac6f-6bd4e2436bba,Pittsburgh Bears,Brandon Nelson,RP,2B,,
5448180c-f204-44b7-96b5-1908df9aa6ca,Pittsburgh Bears,Mark Garcia,RP,CF,,
f11ac6f8-ba84-4611-8393-bffee451381c,Pittsburgh Bears,Thomas Lopez,RP,SP,,
58d8011c-b13c-4fd9-817a-1d05d8cbf30e,Pittsburgh Bears,Tyler Turner,C,CF,1,
e3f63cee-dce9-4253-89ad-21a737a71104,Pittsburgh Bears,Daniel Edwards,1B,2B,2,
96e3f7d9-03f9-4f8a-ada0-0ca025188d30,Pittsburgh Bears,Daniel Walker,2B,3B,3,
ebd46eab-9b77-4ada-8ec6-c3b606741226,Pittsburgh Bears,Joshua Morris,3B,1B,4,
b9d626e0-1fd5-4806-98fe-fb4438cb4b8c,Pittsburgh Bears,Robert Edwards,SS,3B,5,
22994f85-0e38-44b6-8c95-ea394861c8fb,Pittsburgh Bears,Anthony Walker,LF,C,6,
8f03749e-405d-4545-a442-97808b3bef1a,Pittsburgh Bears,Michael Turner,CF,C,7,
f55ee944-873a-411c-8904-361d07518a93,Pittsburgh Bears,Anthony Garcia,RF,SP,8,
718604f9-e0c6-4f8a-871f-42fb632890fc,Pittsburgh Bears,Tyler Lopez,DH,CF,9,
c8f5d40a-f296-4e9c-902a-a1463f9e50dc,Pittsburgh Bears,Joseph Walker,C,1B,,
873fcd5d-b9b6-4e07-9351-5ce974b9f85c,Pittsburgh Bears,John Morris,1B,3B,,
02c56d7d-0fb3-49d6-bdbe-013c580c61d8,Pittsburgh Bears,Matthew Irving,2B,RF,,
ce7af3f8-7924-475b-b94f-70b35183d098,Pittsburgh Bears,William Garcia,3B,SS,,
b9eec57b-157b-4ca6-8227-206ba09ee3d0,Pittsburgh Bears,David Nelson,SS,1B,,
72d062c9-a994-40aa-8333-734bd4c652dc,Pittsburgh Bears,Brandon Baker,LF,CF,,
5ccdd6d9-bb2c-4f99-9f2f-53e93db3893f,Pittsburgh Bears,Michael Nelson,CF,C,,
8d1b4635-6c7d-49fe-bf12-796826834e4a,Pittsburgh Bears,Robert Johnson,RF,C,,
43a54a54-4ecc-40af-aef7-981ad8560216,Pittsburgh Bears,Samuel Edwards,DH,RP,,
41cbe8c0-cce2-4d68-9679-494217354eff,Pittsburgh Bears,Robert Parker,SP,2B,,
5031c486-f215-400a-b365-d49c3cc5f211,Pittsburgh Bears,Nicholas Diaz,RP,SP,,
393245a6-eea9-498f-a86e-ca4228d40c78,Pittsburgh Bears,Joseph Baker,C,3B,,
b60e9bff-fa4a-4681-a8be-9d1aed87361f,Pittsburgh Bears,Jordan Owens,1B,LF,,
eea90011-f9fe-4f25-a90a-bef6007dd75b,Pittsburgh Bears,Thomas Parker,2B,C,,
edd36e05-e31c-47ba-ab79-ab51277ca03e,Pittsburgh Bears,Thomas Morris,3B,SS,,
aacca394-cdeb-4c71-9a57-6d3b8b635928,Pittsburgh Bears,Mark Carter,SS,DH,,
abaaa791-a055-468f-91ad-0c59a9414e47,Pittsburgh Bears,Thomas Johnson,LF,C,,
677286af-cf1c-4274-ba3b-39caf5480ab7,Pittsburgh Bears,Thomas Diaz,CF,RP,,
b664415f-84fb-428d-80e3-c53df3a8b372,Charlotte Storm,Daniel Foster,SP,C,,1
d22767c4-90bb-4a9f-b622-e07a76002ac8,Charlotte Storm,Robert Reed,SP,1B,,2
247e9034-3fd7-44a4-8644-2943125dd4f0,Charlotte Storm,Matthew Reed,SP,1B,,3
8748f544-da9b-43e0-aa70-bdb858c107dd,Charlotte Storm,Samuel Turner,SP,RF,,4
fc85448a-bf83-4a96-98ac-76d5a07332f9,Charlotte Storm,William Owens,SP,DH,,5
7d5580b9-aec8-44f9-b6c8-915a9cb3c6f3,Charlotte Storm,Thomas Sanchez,RP,2B,,
659df36b-a030-4771-b1ff-87d6fa71fab2,Charlotte Storm,Daniel Walker,RP,SS,,
2375f6cf-17b4-4d41-ba16-f26b6bf968d1,Charlotte Storm,John Foster,RP,DH,,
6ef48043-1a37-46fd-b971-4581c120c670,Charlotte Storm,Ryan Walker,RP,RF,,
af2c66e3-cc18-4e1d-a578-94670efd7423,Charlotte Storm,Ryan Garcia,RP,1B,,
b2b41eeb-8c53-496e-85c1-f1ecc6101347,Charlotte Storm,Daniel Edwards,RP,SP,,
c152ab6e-8951-449f-ae2e-48c8bba944c9,Charlotte Storm,Samuel Garcia,RP,C,,
e1924162-daa9-4820-a7ce-bc2479cc77e2,Charlotte Storm,Nicholas Reed,RP,RF,,
7077750f-0432-476b-8ddb-7ef5a67c0ad5,Charlotte Storm,Thomas Johnson,C,2B,1,
4bd2e9ef-ba01-4e9a-962c-0ba8f0414876,Charlotte Storm,James Hayes,1B,3B,2,
c03cd2fa-51c0-4532-9e98-e0713449b65e,Charlotte Storm,Thomas Garcia,2B,C,3,
98749a2c-421d-44e1-92d8-27b031b30b26,Charlotte Storm,Samuel Hayes,3B,DH,4,
d722479e-65f6-4276-ab8f-bc7aed0266dc,Charlotte Storm,William Morris,SS,LF,5,
c219acf3-4083-4c13-8f46-338b5e9d7acd,Charlotte Storm,Mark Edwards,LF,C,6,
1ec0d251-5b81-4543-9451-deccf5322c49,Charlotte Storm,Samuel King,CF,DH,7,
ad56a778-ab52-4c00-b8f3-cb0374a8b7fc,Charlotte Storm,Jordan Walker,RF,C,8,
8c88cead-ceae-490d-a095-fae1559d3da9,Charlotte Storm,Anthony Diaz,DH,3B,9,
19361ede-bbb5-4347-89e1-9820ada35356,Charlotte Storm,Tyler Carter,C,1B,,
e8456ca7-f189-4468-beef-b0a1f84c3fd8,Charlotte Storm,John Walker,1B,2B,,
4fe87b7b-ce85-4d37-8f4e-c92a8a456bf0,Charlotte Storm,Michael Nelson,2B,DH,,
0db9f42a-c43a-4191-92e3-25418543e191,Charlotte Storm,Mark Baker,3B,2B,,
6b3e7a1c-edfd-4df7-a15d-70e641f44212,Charlotte Storm,Joseph Reed,SS,C,,
e25836b5-6fe1-4115-b594-e23fb05c0d09,Charlotte Storm,Thomas Walker,LF,RF,,
239f3b25-2a29-4bea-9aa5-22b87ff57cb4,Charlotte Storm,Joshua Baker,CF,2B,,
8bc95c4c-89a4-4630-87fc-3bde72a5c147,Charlotte Storm,David Reed,RF,CF,,
6b6cba3c-f80f-4562-8912-89110274ea1e,Charlotte Storm,Samuel Johnson,DH,1B,,
69e6e7fc-69d4-4f3f-b106-639146404cb8,Charlotte Storm,Mark Diaz,SP,DH,,
4ff6a811-3e2c-429c-b53e-29447891ecf9,Charlotte Storm,James Adams,RP,C,,
af3598d8-056b-454c-81a0-05291f0bab6b,Charlotte Storm,Nicholas Diaz,C,CF,,
1c3d877b-fca6-4bd8-b368-6cd28a1da328,Charlotte Storm,Nicholas Turner,1B,RP,,
e0ec5224-ab7d-43da-bbbc-506d4c474dc2,Charlotte Storm,Robert Foster,2B,RP,,
fdfc207f-9f30-40d4-8349-c354b9ebea50,Charlotte Storm,Anthony Lopez,3B,RF,,
03d8c9b2-bd40-4c56-832e-dcc72b28a27c,Charlotte Storm,Nicholas Parker,SS,SP,,
c571b492-fe87-4658-8b94-4a99abb64509,Charlotte Storm,Samuel Turner,LF,CF,,
68e98743-6097-4cc6-bb65-e0567d61ba4c,Charlotte Storm,Jordan Carter,CF,LF,,
1c0bc8b6-e2b2-42bd-b1c9-f85bfab9a3c3,Denver Comets,James Johnson,SP,C,,1
0057800d-0f37-4d5c-b30b-6a34d0f063c6,Denver Comets,Samuel Garcia,SP,RF,,2
647d3d7d-0fe3-49f9-b5e5-d3997a50d8d5,Denver Comets,Anthony Garcia,SP,CF,,3
ae9a5773-eb09-46e7-896b-4bcd100ebff8,Denver Comets,Brandon Adams,SP,CF,,4
adb7f60f-b368-4807-8184-354ab4e7b6cf,Denver Comets,Mark Foster,SP,LF,,5
39057e7c-d786-4e5f-bc7e-e07660533974,Denver Comets,Matthew Parker,RP,DH,,
b6c913c7-fa75-4b5b-85b4-146a62c97d42,Denver Comets,William Nelson,RP,2B,,
e7a5b032-2170-48ed-b7ff-5278eca0cb1b,Denver Comets,Mark Irving,RP,SP,,
b3685a69-3dcc-4489-a49a-299744fb4ead,Denver Comets,Thomas Parker,RP,CF,,
81299f6f-edd8-43a5-8e82-59a9fddaccf4,Denver Comets,Michael King,RP,SP,,
689699d4-09e7-458d-a6fa-af52935c9f5b,Denver Comets,Brandon Diaz,RP,SS,,
c4148409-b579-4f6f-bae2-9fba7570051f,Denver Comets,Michael Johnson,RP,SS,,
5f4dee74-ac54-479f-bb18-a40dfb1a868b,Denver Comets,David Sanchez,RP,LF,,
d24694fb-67a8-4d25-a28d-bcc9062b79ee,Denver Comets,Andrew Morris,C,RF,1,
5e7254d3-94c6-4c6b-8be6-af81f5c91a06,Denver Comets,Joshua Sanchez,1B,2B,2,
c82f8839-0498-4743-9360-02395be4fa7d,Denver Comets,John Turner,2B,RP,3,
15c829a5-5d57-45fe-a3ea-8d04cd10729c,Denver Comets,Thomas Walker,3B,RP,4,
f702a3ff-86cd-4f07-8c60-5736460f87ed,Denver Comets,Thomas Adams,SS,CF,5,
e54882c1-fedd-4f11-89a0-802f88e27eea,Denver Comets,Thomas Garcia,LF,C,6,
3a8ac774-99d0-4658-bb64-234092a57399,Denver Comets,Joseph Hayes,CF,C,7,
2f08a98b-faf7-4759-ae6a-4e09c024d437,Denver Comets,William Foster,RF,LF,8,
3eb8ff8d-3eac-4a71-ad2b-6fd673963bce,Denver Comets,Brandon Garcia,DH,C,9,
3826a9f6-0509-480e-94bd-8918932954d6,Denver Comets,John Irving,C,RP,,
220f95e7-c08e-4ccd-b6bf-314d2a809e52,Denver Comets,Thomas Morris,1B,2B,,
1355ed27-001b-461c-ad8b-b80aa33c9fd4,Denver Comets,David Hayes,2B,C,,
85e28873-0d2b-4fa4-926c-4d96f662691e,Denver Comets,Matthew Garcia,3B,RF,,
581a3173-a003-4277-b46a-bc7c083ea66e,Denver Comets,David Lopez,SS,2B,,
1f44ddce-d306-49d5-ac9b-b68d0c3ed892,Denver Comets,Anthony Irving,LF,RP,,
7cdebe1e-6930-4088-abbb-356c9a94bc16,Denver Comets,Nicholas Irving,CF,C,,
abd1b471-fccd-4c77-81cd-d39affe78981,Denver Comets,Joseph Diaz,RF,2B,,
52323625-168b-4c7f-84a4-b2708abe008b,Denver Comets,Jordan Edwards,DH,C,,
9ed78793-4f84-4b7d-8f46-4998356d9d4f,Denver Comets,John Foster,SP,CF,,
d9770e86-0df9-43c3-88bc-076bcf5d6601,Denver Comets,Michael Carter,RP,C,,
fbe9376e-dd96-4f65-835c-d4d38f539be1,Denver Comets,David Sanchez,C,3B,,
3157cd30-3e89-4b76-bdfa-b35b0ae6e537,Denver Comets,Joshua Garcia,1B,LF,,
1e6f5b3f-5f76-4d47-b883-26ec9f2b2be1,Denver Comets,John Parker,2B,3B,,
3a27d289-ef42-4d26-9526-39e138891ca4,Denver Comets,Matthew Nelson,3B,CF,,
366343ab-5423-4200-b35a-cc941ca4f190,Denver Comets,Mark Garcia,SS,RF,,
5febef76-1429-45bf-b4e0-ce3433fe0b6c,Denver Comets,Michael Baker,LF,2B,,
269e7e96-5230-44c2-ade2-a95d11e6442c,Denver Comets,Joseph Morris,CF,1B,,
49cf3142-7d03-4fb0-80c6-ef1c4c73e9f3,Houston Knights,Jordan King,SP,C,,1
b4b8fd12-0740-4f9e-a97b-70e6b4e35287,Houston Knights,Daniel Walker,SP,C,,2
e9504c5d-dd7b-43b6-9c6b-bc3e32f2104c,Houston Knights,Michael Carter,SP,1B,,3
42afbf28-6c47-4f80-858d-f01d22f111dc,Houston Knights,Nicholas Turner,SP,RP,,4
da47e106-32d1-4deb-8edc-3ed8e2475bf7,Houston Knights,James Garcia,SP,SS,,5
f8b30030-8e28-4113-948d-29bf353dac2e,Houston Knights,Nicholas Morris,RP,1B,,
fc3549fb-0144-48ed-a4e6-3ba759ece3a5,Houston Knights,Matthew Turner,RP,RF,,
06fade43-ec8f-42e5-8421-87067966c811,Houston Knights,Mark Walker,RP,LF,,
70218e9f-fdad-492f-be95-b3bf71b1ab69,Houston Knights,William Irving,RP,3B,,
85432ab7-58e9-4d13-acd7-8b58f10e20a4,Houston Knights,Joshua Parker,RP,2B,,
e7a0a525-cbbe-4f4e-8c08-37aab7a603be,Houston Knights,Andrew Lopez,RP,DH,,
3797f4cd-63a8-43a1-a33b-32995ee6c56c,Houston Knights,William Morris,RP,3B,,
755aea19-57f2-4d9c-8b68-91ecafa5dc1f,Houston Knights,Robert Carter,RP,2B,,
3ec533e1-6367-4193-b172-189777108ade,Houston Knights,Robert Owens,C,3B,1,
51dd9a3c-2163-42a9-ab1a-45d551dacbb6,Houston Knights,Joseph Edwards,1B,RP,2,
606ac65a-e32d-4888-8a72-ec2aaff271ec,Houston Knights,William Reed,2B,SS,3,
1a489138-eec4-4f78-968c-820aec7a0ddc,Houston Knights,Mark Baker,3B,DH,4,
18c1c9b2-7364-4105-bf57-3a34c4cded9b,Houston Knights,Mark Hayes,SS,LF,5,
2584d636-2536-4596-a82e-2d03b5cc5fef,Houston Knights,James Adams,LF,DH,6,
4a9f77ff-8c8e-483a-a7f6-9b4fed990778,Houston Knights,Tyler Owens,CF,RF,7,
77bcdb36-4f5d-44ff-9459-8d1b66b24583,Houston Knights,Mark King,RF,C,8,
b4221486-b5ad-4a3a-8dfa-bb78353b88d3,Houston Knights,Ryan King,DH,SP,9,
eb42e372-4f29-4a69-bf6e-d8231b2a323d,Houston Knights,Michael Adams,C,3B,,
2904e66c-42c9-478a-8fc8-a0a183bb96bf,Houston Knights,Brandon Parker,1B,3B,,
7c77b303-4450-4027-8461-1603e7365c76,Houston Knights,William Lopez,2B,SP,,
ed26f08f-ee37-47cd-8fd7-cb31c695dd6d,Houston Knights,Tyler Walker,3B,RF,,
14a9aba4-ce67-4467-80b8-691ddbd9c871,Houston Knights,Andrew Adams,SS,RP,,
ecf95b3e-64ab-4122-a826-2a002397aeed,Houston Knights,Jordan Baker,LF,SS,,
4bea61fb-e73e-4dba-87df-e4fd04f819c8,Houston Knights,Andrew Baker,CF,SP,,
e2eac20f-bb12-4bbf-a3c3-3427e520b893,Houston Knights,Ryan Turner,RF,LF,,
0038f0d7-dcfb-4f34-a600-584f9103620f,Houston Knights,Michael Garcia,DH,1B,,
ce539505-b490-4904-9b71-0ed0cb4529d5,Houston Knights,Robert Baker,SP,3B,,
a71054e3-63ea-44c0-9690-f38fcc3315b3,Houston Knights,Ryan Walker,RP,SP,,
afe0a949-34ad-4564-9094-bf8bfeeedd35,Houston Knights,Brandon Johnson,C,1B,,
7726d7db-9a24-4979-9b89-6c56bf8a31f3,Houston Knights,Brandon Garcia,1B,SP,,
d74f2eea-6f31-499b-a590-331b135cc2e2,Houston Knights,Mark Parker,2B,CF,,
2bf140d9-3783-4754-bced-fc754c0e0f32,Houston Knights,Anthony Nelson,3B,SP,,
75eca3fe-dc73-4bb0-bc64-471033019ed8,Houston Knights,Jordan Morris,SS,1B,,
6e134662-e441-4efc-a3df-45116a16d49b,Houston Knights,John Reed,LF,RP,,
ca1309e2-fd2a-4f03-8566-689a66ae9541,Houston Knights,Tyler Carter,CF,RF,,
84c100ed-e5ba-4875-a105-96eb159b60a5,Indianapolis Anchors,Joshua Owens,SP,SS,,1
80261ff1-20fb-40ff-b721-2222dc6a886c,Indianapolis Anchors,Michael Edwards,SP,CF,,2
9cb3a004-2300-403c-916b-e8aeb5992fda,Indianapolis Anchors,James Foster,SP,RF,,3
5b8118c7-4382-4db5-813f-e23cb59aef70,Indianapolis Anchors,John Sanchez,SP,SS,,4
5abd4322-cc72-4f3b-bad1-a81b7d8dc15a,Indianapolis Anchors,Nicholas Baker,SP,RP,,5
54bb0a75-1564-497e-9dc4-a1bace1217b2,Indianapolis Anchors,William Lopez,RP,3B,,
4ffe25ce-5911-4637-a88c-98405434b1a7,Indianapolis Anchors,Tyler Morris,RP,1B,,
5b6bc828-8723-4426-8e55-998f66b6efc3,Indianapolis Anchors,Anthony King,RP,RF,,
86f93460-9dfb-4248-8773-cbb61c4f794e,Indianapolis Anchors,Andrew Foster,RP,SP,,
152ea5be-1fc5-407f-95c4-1ab73335a511,Indianapolis Anchors,Thomas Lopez,RP,SP,,
a8b66305-e5c8-4d05-95f8-ab3da591e1fd,Indianapolis Anchors,Samuel Owens,RP,RF,,
9cb1afa8-5491-466c-a44e-355ba539f9fc,Indianapolis Anchors,Tyler Nelson,RP,2B,,
ad3af65e-90db-42b0-94b3-3e31a1e4df45,Indianapolis Anchors,Joseph King,RP,RF,,
a4255626-edf3-45e4-8055-7e4969a3ba52,Indianapolis Anchors,Michael Edwards,C,SS,1,
74da77f0-5436-494a-8dfe-275e7f487f7e,Indianapolis Anchors,Thomas Foster,1B,2B,2,
90ebecf9-2886-4173-b67f-d39500943741,Indianapolis Anchors,John Morris,2B,CF,3,
3ba54629-6633-493c-9952-800924e445d8,Indianapolis Anchors,Anthony Adams,3B,DH,4,
c04c90fb-e4e1-4839-ac77-61b604697051,Indianapolis Anchors,Brandon Nelson,SS,C,5,
66a78b38-8d62-4089-90bd-0525cdf67574,Indianapolis Anchors,Michael Nelson,LF,CF,6,
b767b8c2-2903-4883-bbed-e2f472b0bd24,Indianapolis Anchors,Nicholas Owens,CF,2B,7,
0242f16d-8591-4802-b13b-4559d67b2610,Indianapolis Anchors,Thomas Turner,RF,DH,8,
dbc1bb44-cd6d-4892-84c8-defeffb588b1,Indianapolis Anchors,Nicholas Adams,DH,LF,9,
a74c21fc-4b2e-4aaa-8d9e-60da37f9678d,Indianapolis Anchors,Samuel Reed,C,LF,,
97ab85fd-ec9a-444f-b9ec-762431972cb2,Indianapolis Anchors,Daniel Hayes,1B,3B,,
c70c6973-d6f9-410f-a1cd-945bb2d01dff,Indianapolis Anchors,Robert Foster,2B,1B,,
f7c87040-cbf0-42f0-847b-e654a850f611,Indianapolis Anchors,Brandon Johnson,3B,SS,,
df5ad952-8c4c-4897-b5f4-aa14f6381fed,Indianapolis Anchors,Matthew King,SS,RF,,
5c744800-4172-4f95-a4d4-cc410c8cf918,Indianapolis Anchors,Ryan Parker,LF,3B,,
8b9f53c7-0961-4a6c-bda7-c0f79afdeebb,Indianapolis Anchors,Samuel Walker,CF,1B,,
b28a2a3e-729d-41ce-a214-6ea4ce6e299b,Indianapolis Anchors,Tyler Lopez,RF,DH,,
6a05d496-b4d5-4a9d-8ffd-bb5bf8d8782a,Indianapolis Anchors,Daniel Irving,DH,SP,,
663aac60-2af0-46f1-b308-f62724806a8f,Indianapolis Anchors,David Adams,SP,RF,,
54611114-9134-42d2-b088-e3a35a984086,Indianapolis Anchors,Matthew Diaz,RP,SS,,
631e7e7b-5a55-4dd7-82c7-aa0dc02a9ada,Indianapolis Anchors,Andrew Johnson,C,3B,,
0e44ead6-84b8-4f65-9dbd-9f3d64dfcd34,Indianapolis Anchors,Mark Diaz,1B,CF,,
fcd23b06-c711-430c-8379-120ce5ea793c,Indianapolis Anchors,Daniel Carter,2B,RF,,
b8de1578-fd4a-4ed4-934f-93c6cf5517d8,Indianapolis Anchors,Matthew Owens,3B,C,,
80de9171-04a5-4f24-ad79-8c8611146a00,Indianapolis Anchors,William Baker,SS,CF,,
c8c4cbdf-ff52-459f-b306-32824bd29eea,Indianapolis Anchors,Mark Lopez,LF,3B,,
5e3fe92c-0061-4e46-999a-2e7104ed5c65,Indianapolis Anchors,Andrew Garcia,CF,3B,,
69bb6886-a094-4e2a-b3b1-a2b1f69085cc,Milwaukee Giants,Nicholas Reed,SP,RP,,1
22bbda78-acb8-44d6-ad1f-06126626aa73,Milwaukee Giants,Joseph Sanchez,SP,C,,2
e32c6e31-655d-429a-a986-0c5bac37c132,Milwaukee Giants,Joshua Edwards,SP,LF,,3
3af2fd58-d9ae-4b7d-a089-3a272e6eb239,Milwaukee Giants,James Johnson,SP,1B,,4
0f684012-e19a-4689-ab13-50292d72dc25,Milwaukee Giants,Ryan Morris,SP,LF,,5
a511dc4c-6f2c-4335-8e92-1e880e102a65,Milwaukee Giants,Jordan Garcia,RP,LF,,
00a876d1-5af8-4467-a334-d11a5227fe86,Milwaukee Giants,Andrew Sanchez,RP,SP,,
5f455dc7-eb6e-4157-a6fe-5a19e91900f1,Milwaukee Giants,Robert Reed,RP,2B,,
bd1d2729-aa77-412a-b865-2a9dbac07941,Milwaukee Giants,Tyler Baker,RP,SS,,
bf80d29e-d4bc-44ef-beb4-4e3a3928595c,Milwaukee Giants,Robert Carter,RP,DH,,
9f85e528-677b-442b-b81d-4551ca43a889,Milwaukee Giants,Joshua Lopez,RP,RF,,
5108611d-1584-4ee4-934d-d60cf490146b,Milwaukee Giants,Matthew Sanchez,RP,LF,,
10da03df-7e47-403c-a046-d0128750246f,Milwaukee Giants,Matthew Adams,RP,RF,,
fe290822-0df8-484d-ade0-387654923ad3,Milwaukee Giants,Nicholas Reed,C,CF,1,
a1a2fe97-7a29-490b-ae7b-e4904a74761f,Milwaukee Giants,Joseph Lopez,1B,RP,2,
b92831ba-3069-490c-9c6d-f8e27e135aa1,Milwaukee Giants,Jordan Adams,2B,SS,3,
f7d168a2-a44e-4c24-8afa-a6593f736b0c,Milwaukee Giants,Samuel Foster,3B,SP,4,
2f943cbc-4db7-4fd9-85b8-e5064101d08c,Milwaukee Giants,James King,SS,1B,5,
6bfd32c7-ebc7-4f6a-94c1-a848ca6f0395,Milwaukee Giants,Ryan Turner,LF,SP,6,
684fa2b9-29f1-40fc-a60b-cafdb03690f9,Milwaukee Giants,Mark King,CF,RP,7,
c42ac468-05e0-463a-8783-f5b6d6057b07,Milwaukee Giants,Thomas Reed,RF,LF,8,
fd12cd84-f4aa-46dc-9730-f51ecefb9028,Milwaukee Giants,James Edwards,DH,LF,9,
c9a3fbbe-7490-47f8-8ded-cb53bc72d04b,Milwaukee Giants,Mark Adams,C,3B,,
c3356208-3f2a-43b3-8318-54e2da4fa69b,Milwaukee Giants,Michael Irving,1B,DH,,
eda63597-fd03-47dc-b753-30a78ff0dd3b,Milwaukee Giants,William Sanchez,2B,C,,
6f06fade-a17b-4515-831c-2d3694d325e5,Milwaukee Giants,James Lopez,3B,C,,
250d39d1-07d1-47fb-b2a6-6195773805cf,Milwaukee Giants,Brandon Carter,SS,3B,,
4fad18c7-ceda-43b9-9898-24080868102e,Milwaukee Giants,Samuel Diaz,LF,SP,,
ef3c4cc1-99a1-4ba0-9012-0e332129e22f,Milwaukee Giants,Andrew Diaz,CF,C,,
88ccadcb-72a3-4167-b62c-870a3950eb45,Milwaukee Giants,Anthony Foster,RF,SP,,
c2b0d65d-8dad-496e-bab6-066027fc7ce7,Milwaukee Giants,Nicholas Sanchez,DH,3B,,
94249c41-8cdf-4ba4-acce-2a6694858eee,Milwaukee Giants,Joseph Morris,SP,SS,,
a8236924-506f-48a1-9de9-f5181f2149d2,Milwaukee Giants,Michael Edwards,RP,1B,,
b0ec6019-91c6-4056-afea-a9da796cbe82,Milwaukee Giants,Matthew Owens,C,DH,,
05815140-78fb-4af4-bf28-d783c1cf0892,Milwaukee Giants,Tyler Lopez,1B,3B,,
4a618a4d-41af-4b09-a556-2e404624ae15,Milwaukee Giants,Jordan Nelson,2B,C,,
b10e6b71-702c-4ea0-9586-cba6138ac6c9,Milwaukee Giants,Michael Irving,3B,RP,,
0eca27dd-64ab-469c-a706-faac5455f6fd,Milwaukee Giants,Thomas Morris,SS,1B,,
56a3fed6-188d-46af-8ef8-a556fd7939ae,Milwaukee Giants,James Foster,LF,SS,,
f7845185-a747-44c0-85b6-84030d0a1969,Milwaukee Giants,William Adams,CF,RF,,
8ea81064-8ba4-436c-9a88-6be9e68a5d18,Chicago Dragons,Ryan Adams,SP,CF,,1
0604fc0e-0190-44c5-9bce-92d9914aa60a,Chicago Dragons,John Carter,SP,3B,,2
49b0509b-195c-48ec-b870-c704e892cd2a,Chicago Dragons,Thomas Garcia,SP,2B,,3
61bcaac4-e846-4d2b-8f43-1c6e491c5b4f,Chicago Dragons,James Turner,SP,DH,,4
266b7741-b1dd-42a8-8c2c-c6686a8f3efc,Chicago Dragons,Brandon Walker,SP,DH,,5
e104aead-0cf1-4740-bfe6-04f691f1437b,Chicago Dragons,Joshua Irving,RP,SP,,
d5a18d33-128b-4f97-93ab-98eb461e7dac,Chicago Dragons,Robert Diaz,RP,CF,,
d6c2473e-a1d8-4efd-869c-c5bc08c41740,Chicago Dragons,Joseph Morris,RP,LF,,
c3bc6d5c-443d-4a63-b7c4-df24d7af3f20,Chicago Dragons,Jordan Walker,RP,1B,,
a5558aeb-8ece-45fe-a3ad-af54f9881299,Chicago Dragons,James Foster,RP,3B,,
b515313f-c6b9-4bda-9599-31fd2dfda4a1,Chicago Dragons,Robert Adams,RP,CF,,
f285ab18-df24-4176-b7b0-fb2703b02ec5,Chicago Dragons,Joseph Carter,RP,SP,,
3bf8c8a6-6c7d-4065-b638-c118b509ec14,Chicago Dragons,Matthew Hayes,RP,2B,,
8f52b9a2-2f64-4728-adc1-d188a65ba453,Chicago Dragons,William Parker,C,CF,1,
4669a6b1-24eb-49d8-b37d-92dd21db45fa,Chicago Dragons,John Baker,1B,RF,2,
ccfdcbe0-40f4-4e9a-97f3-54b57547ba12,Chicago Dragons,Matthew Baker,2B,CF,3,
4a043215-c56b-466e-81be-4b8b7dc2266e,Chicago Dragons,Nicholas King,3B,C,4,
cbe94ac9-c0c0-42bd-a19c-9a6f974227b4,Chicago Dragons,Nicholas Turner,SS,C,5,
33baed50-4b00-4be6-9931-7ba361f08b38,Chicago Dragons,Andrew Parker,LF,DH,6,
70c6d0fc-a3e7-416d-abbc-de328e196eb8,Chicago Dragons,Nicholas Turner,CF,2B,7,
bd0a49f4-88b4-4ee8-b6ba-0b45b02a243e,Chicago Dragons,David Morris,RF,DH,8,
d324bf14-a710-4227-a700-461047a45910,Chicago Dragons,Thomas Foster,DH,LF,9,
15f8d8d9-2724-4000-be09-eab6095c4a4e,Chicago Dragons,Thomas Sanchez,C,SP,,
0439c8f9-ef02-4a84-a998-0b179fe8cdb7,Chicago Dragons,Joshua Irving,1B,CF,,
c7492b74-f1b3-4df6-a52b-45b51a37809b,Chicago Dragons,Daniel Sanchez,2B,3B,,
6bd26e52-9ddd-42f6-9571-ef1c80590e4c,Chicago Dragons,John Reed,3B,SS,,
42fd932a-64f4-4b60-aaf8-bdab69052fb0,Chicago Dragons,Joseph Owens,SS,RF,,
968bc3f2-e20d-4526-84c6-98a647f09263,Chicago Dragons,James Sanchez,LF,CF,,
6f92c691-a5b7-4ab9-abd2-f87de2eb5104,Chicago Dragons,Brandon Nelson,CF,RF,,
377bbdb5-cdba-4ec9-9cef-b28bf4465a95,Chicago Dragons,Joseph Nelson,RF,SS,,
2f0f0d70-c08b-4e01-b80b-88d103127a4d,Chicago Dragons,James Turner,DH,CF,,
1861cce5-dcca-4b24-8c59-b02ed802fa4b,Chicago Dragons,Robert Baker,SP,RP,,
0973360e-2ff8-4cb0-855a-55085268ed5c,Chicago Dragons,Michael Owens,RP,2B,,
5d81f467-3b67-4e40-8d47-a8254d644880,Chicago Dragons,Joshua Irving,C,SP,,
feb123f6-940c-492b-aa93-8f1a87c72cf0,Chicago Dragons,David Edwards,1B,CF,,
5406c88f-a3b7-4e0c-bb86-b5b0a3a56df8,Chicago Dragons,Andrew Adams,2B,1B,,
d951d6e0-2fdb-45ba-97e3-3986fc0a7b48,Chicago Dragons,Joseph Morris,3B,C,,
26afc4fb-ab0e-42c5-9cd6-e40855589ed5,Chicago Dragons,Nicholas Owens,SS,RF,,
22310797-29e7-41e0-bbb2-8b242b187db8,Chicago Dragons,Matthew Owens,LF,SP,,
47c769cb-4084-466f-bb96-b913642572c3,Chicago Dragons,Robert Hayes,CF,SS,,
837851d8-8bb1-46ab-b41f-23333c1d5ba2,Los Angeles Sharks,Nicholas Irving,SP,2B,,1
6da15fc4-e26d-4177-97a7-cf31eb677226,Los Angeles Sharks,Andrew Nelson,SP,LF,,2
a3cfb88b-29ad-4771-bcf5-7edbac54dc88,Los Angeles Sharks,Nicholas Edwards,SP,LF,,3
7a6cdec4-737e-4eb2-9050-1f626de4b600,Los Angeles Sharks,John Parker,SP,RP,,4
507c90a7-81c5-42f0-9c31-e9e0db3cdfe1,Los Angeles Sharks,Nicholas Diaz,SP,CF,,5
094daae1-ccb9-487d-90b7-5b7fba4a7887,Los Angeles Sharks,James Turner,RP,SS,,
632adf26-04ff-4934-982f-379dc7fdaa70,Los Angeles Sharks,James Johnson,RP,3B,,
b11e085f-b1c5-482e-a14c-0b3a050d2fb6,Los Angeles Sharks,Andrew Nelson,RP,2B,,
70082397-7c85-4c30-b385-43ad007c78d6,Los Angeles Sharks,Nicholas Hayes,RP,DH,,
3a9a6826-a146-4c91-b8c9-1f252e3416ee,Los Angeles Sharks,Ryan Sanchez,RP,DH,,
125a58cd-af1c-4b14-999f-01bf6ef8701f,Los Angeles Sharks,Robert Morris,RP,2B,,
7a2a2f2b-894d-4259-8e87-3ac1fb81592b,Los Angeles Sharks,Michael Lopez,RP,RF,,
b51fa8f8-d4dd-4060-83be-1a9bf1180e85,Los Angeles Sharks,Nicholas Reed,RP,SS,,
a055c33d-8a0f-4595-a125-42d03b3ac58e,Los Angeles Sharks,Nicholas Walker,C,3B,1,
b825eb22-bb75-4a43-b42a-712dcea5a96e,Los Angeles Sharks,James Reed,1B,3B,2,
e2ed1c44-c060-4a2d-a5db-1145a3e305f1,Los Angeles Sharks,David Lopez,2B,SP,3,
d5dd34af-b418-44ee-bf0d-0e445a2f9a50,Los Angeles Sharks,Jordan Nelson,3B,SS,4,
168d00a4-0b3b-48d7-9877-67364cbbf4ea,Los Angeles Sharks,Jordan Owens,SS,2B,5,
34446c9b-8685-4c55-9b6e-a5929ef9581b,Los Angeles Sharks,Joseph Walker,LF,3B,6,
e17a1b03-7941-4b8f-8834-90d9773a1d8b,Los Angeles Sharks,Ryan Reed,CF,2B,7,
b8a341c0-4e38-499c-b7cf-a41f9342bfee,Los Angeles Sharks,Nicholas Nelson,RF,1B,8,
71409301-b1a9-4b60-8ddb-9882ef4098c1,Los Angeles Sharks,David Garcia,DH,1B,9,
2296b504-1300-447b-9746-d691feb3ffde,Los Angeles Sharks,Robert Walker,C,2B,,
cf92015d-b3d9-483d-a8af-4d4ac12d8dc2,Los Angeles Sharks,Andrew Owens,1B,SS,,
15ee14e2-42c9-4c5f-8e08-3feedbf83a6d,Los Angeles Sharks,Nicholas Baker,2B,RF,,
2b9bc1bd-acc5-4a23-b4b3-28ac2b72a471,Los Angeles Sharks,William Walker,3B,DH,,
a104a694-8cdd-43f6-a576-810c27d0f003,Los Angeles Sharks,Andrew Johnson,SS,RF,,
f7230615-616b-43bb-bb77-738b3a644ab2,Los Angeles Sharks,Andrew Reed,LF,1B,,
6ab67aa7-39de-4758-ac2a-1f7c8d9623fc,Los Angeles Sharks,Mark Parker,CF,3B,,
78b3e29a-69cc-4c3c-b76c-5027fae6a614,Los Angeles Sharks,Daniel Baker,RF,SP,,
65e257a3-b529-4af3-b38b-dbda4e8f8aa5,Los Angeles Sharks,Anthony Johnson,DH,LF,,
988557b3-e1cb-40c7-89f0-c5d53cd834fd,Los Angeles Sharks,Mark Garcia,SP,2B,,
5c44f3bf-6a08-4b5c-a0b4-cfd9f78755cd,Los Angeles Sharks,Andrew Reed,RP,CF,,
cfe3936f-52e1-4a8f-bf7e-2dc9921a0f01,Los Angeles Sharks,Michael Parker,C,3B,,
af32f99e-ec22-45a6-a90f-7eee8d0f25d9,Los Angeles Sharks,Brandon Baker,1B,2B,,
ffe1beda-e6ae-4d23-86b2-32383e8b71ab,Los Angeles Sharks,Andrew Garcia,2B,3B,,
e9240453-5736-4f30-8c26-5e3e3080f4ae,Los Angeles Sharks,Brandon Walker,3B,SS,,
62d737f3-0864-418c-94af-01b402ea64e4,Los Angeles Sharks,Joseph Parker,SS,C,,
d8acd007-357d-44ef-949e-0c4ed17a8d8c,Los Angeles Sharks,David Adams,LF,RP,,
8b62acd3-0a42-4437-93a2-c1ee209c3bd8,Los Angeles Sharks,Thomas Sanchez,CF,LF,,
a37caeae-34fe-4f90-96e3-496cea2e441a,Miami Aces,William Baker,SP,1B,,1
0483f739-8ab0-40c6-8854-104ace259ba5,Miami Aces,William Johnson,SP,RP,,2
2d2ab438-12a6-47ec-9afc-a17094638bbe,Miami Aces,Anthony Lopez,SP,RF,,3
4accc011-e57d-4b2e-a9fe-a2c5d2cd21be,Miami Aces,Jordan Baker,SP,RP,,4
fb58e99c-9168-47ad-ba16-49deb114991c,Miami Aces,David Garcia,SP,C,,5
373bc50c-d4ff-4830-b42c-fa0c9b2e6952,Miami Aces,Samuel Irving,RP,2B,,
62033c20-9029-4853-9af2-b7e7be070aac,Miami Aces,Ryan Walker,RP,3B,,
8580a368-ecca-4e78-8078-5e8c296cf7c8,Miami Aces,Nicholas Johnson,RP,SS,,
d7a1f0b8-b591-431c-9be1-cc9cd6d0d5ae,Miami Aces,Mark Sanchez,RP,LF,,
f0acd0c9-e371-445d-a331-4559efde5fc6,Miami Aces,Michael Hayes,RP,C,,
1cf3144f-fa69-4f1c-9471-387b30a5848e,Miami Aces,James Lopez,RP,3B,,
1724893b-c7eb-428c-aad5-225a59b12834,Miami Aces,John Owens,RP,RF,,
5fa6752b-ab88-4b8d-9798-1e2382c10573,Miami Aces,James Reed,RP,SS,,
0f35f581-7025-4a80-ba7a-1d912ad7bb11,Miami Aces,Tyler Turner,C,3B,1,
6590e8a8-a385-4400-a54f-de96e81ed419,Miami Aces,Tyler Foster,1B,2B,2,
2847bef1-1d8a-4b50-8fcf-382a4d8b45b1,Miami Aces,Robert Parker,2B,RP,3,
a595765f-a71f-43e1-bc6d-af408789b6db,Miami Aces,Michael Nelson,3B,SP,4,
f9156629-c1b3-42c2-b64d-167b9d219fa9,Miami Aces,Matthew Irving,SS,RP,5,
4c8e10fc-ed0f-4b42-b20d-3aadbe84334b,Miami Aces,William Nelson,LF,CF,6,
378be826-2564-4272-b9fa-bc99a0e8089d,Miami Aces,John King,CF,SP,7,
298018dc-d4e8-4d11-81cd-74ff5fd71fc3,Miami Aces,William Diaz,RF,1B,8,
cfe6d12e-ed32-4372-9d96-0d6db9cf138a,Miami Aces,Samuel Garcia,DH,2B,9,
e6f7d7ce-9fad-4f69-a97c-f58154c4e6aa,Miami Aces,Andrew Parker,C,DH,,
5cf9d534-9c19-4a09-ac18-bf61ee353a91,Miami Aces,David Reed,1B,3B,,
10c52234-9c4a-4f8d-80e3-d1f17c2823eb,Miami Aces,Mark Foster,2B,CF,,
4b8fd864-567d-4561-8450-5250b03c4d5d,Miami Aces,Brandon Owens,3B,DH,,
81e365d9-d396-4dd7-9f54-0878c3c52091,Miami Aces,Tyler Lopez,SS,SP,,
d9c47812-7901-4812-a3a0-32dd0cb93b27,Miami Aces,Thomas Reed,LF,RF,,
872b6629-0277-4280-89e3-1b1e915caaa0,Miami Aces,Daniel Baker,CF,RP,,
df8aba25-7d3b-40dd-8c7c-940d70ff7731,Miami Aces,Andrew Adams,RF,C,,
37b98cac-9542-4918-a20c-7d656f26c722,Miami Aces,Matthew Diaz,DH,SS,,
89ddbae0-7777-4072-b06a-c206ba5ab55a,Miami Aces,Joshua Baker,SP,CF,,
eeb2a8b8-0171-4b6c-9c2b-fddb1eb8a982,Miami Aces,Daniel Hayes,RP,DH,,
84d2bf17-8343-4e71-8221-272267171117,Miami Aces,Samuel Irving,C,2B,,
70b4422c-99bf-42c2-b2ba-713e82601b78,Miami Aces,Daniel Lopez,1B,2B,,
90e8b2cd-500d-4b69-861c-91b0585f2539,Miami Aces,Anthony Carter,2B,3B,,
12802726-5275-4ab7-9f3a-2fa7d5c9f8cf,Miami Aces,John Johnson,3B,LF,,
220532af-6941-4021-9b94-3da3b9d1de06,Miami Aces,Tyler Foster,SS,CF,,
f982c0fc-a6e2-4162-a9e0-c44dab8daae8,Miami Aces,Michael Nelson,LF,RP,,
c271a287-4430-4f01-bb67-5b206330b954,Miami Aces,Joseph Adams,CF,RP,,
26c8d0ed-58f4-4c6a-b2c3-5162327a9cba,Phoenix Hawks,Samuel Irving,SP,CF,,1
f83a75ea-b856-4acb-8ee5-9ad39b2e8f73,Phoenix Hawks,Samuel Sanchez,SP,2B,,2
ed2a4d45-8d13-4b8b-a466-3c2cc9114899,Phoenix Hawks,Samuel Johnson,SP,LF,,3
a41a4155-45d6-408e-a74e-a29d746ba49f,Phoenix Hawks,Brandon Nelson,SP,3B,,4
ae3ea41c-36c4-4ac5-97f4-83fb3134ce74,Phoenix Hawks,Jordan Morris,SP,CF,,5
8525824c-967d-42d1-8572-ec9fdea16157,Phoenix Hawks,Mark Irving,RP,LF,,
d1096f12-c81b-444d-b464-d376d6b7b703,Phoenix Hawks,Nicholas Garcia,RP,CF,,
0544d297-fd27-4348-ad95-8e45a196294b,Phoenix Hawks,Anthony Irving,RP,2B,,
fb68b031-336f-4bd8-81e8-aa038760b107,Phoenix Hawks,Andrew Hayes,RP,SS,,
c10e5c8c-d21a-4695-90d3-917dd64275f8,Phoenix Hawks,Daniel Foster,RP,DH,,
087640d3-cfc2-42f7-8fee-b1a6cd360000,Phoenix Hawks,William King,RP,2B,,
6d638cbb-9d34-4a25-984c-b18c9598c482,Phoenix Hawks,Nicholas King,RP,CF,,
987118d4-88d2-4a87-b568-d56b6e89b4f3,Phoenix Hawks,Joseph Lopez,RP,RF,,
0fd7e57c-7b41-4170-96cf-03fe75660fd8,Phoenix Hawks,Thomas Parker,C,2B,1,
0c72c719-732f-419d-b19e-274c51a004b6,Phoenix Hawks,Brandon King,1B,3B,2,
cd991b4b-ae47-4f0c-b31a-067a0d1c8cf8,Phoenix Hawks,William Walker,2B,LF,3,
2c11675d-91f1-4feb-a69f-7b79ca827870,Phoenix Hawks,David Baker,3B,LF,4,
73afe0ae-b80f-4a26-99bb-6eda885cb621,Phoenix Hawks,David Foster,SS,RP,5,
887d18a3-0c65-4e31-914f-eba18352dc9b,Phoenix Hawks,Nicholas Hayes,LF,RP,6,
b2f1a08b-722e-4680-81cf-cd7a5248fe52,Phoenix Hawks,William Diaz,CF,3B,7,
a180a6af-fa06-4420-a351-e0b961f4fd34,Phoenix Hawks,Andrew Carter,RF,RP,8,
6c4bbc99-64ca-472d-91b5-8275fdf8cd76,Phoenix Hawks,Andrew King,DH,C,9,
c00e211d-1f9c-428b-9aa1-f9d6ba84d75c,Phoenix Hawks,Michael Sanchez,C,3B,,
4c381e4f-81ec-4461-9664-642a0bdf0b42,Phoenix Hawks,John Edwards,1B,C,,
cdc51a41-e694-4651-986a-28d88a536843,Phoenix Hawks,James Morris,2B,1B,,
03ef6dc2-1f97-4586-a686-b14866ff9b74,Phoenix Hawks,John Edwards,3B,2B,,
59c1d323-7da2-46ba-9347-49f2132f4bd0,Phoenix Hawks,Andrew Carter,SS,RP,,
4650f531-b7ec-443a-bef6-705b20ccf589,Phoenix Hawks,Tyler Carter,LF,3B,,
02f29771-f855-45be-9f1d-3033f910ab2e,Phoenix Hawks,Robert Turner,CF,RP,,
1bd264e9-6828-41d8-9a05-9b3723464b41,Phoenix Hawks,Samuel Johnson,RF,RP,,
dec0478f-99fd-4b04-ab51-bcb58749fed4,Phoenix Hawks,James Morris,DH,2B,,
360c26f3-c8ef-4671-9206-f3652a3549c8,Phoenix Hawks,John Adams,SP,CF,,
dd7b0471-fc1a-436c-9e90-df48326c1fce,Phoenix Hawks,Joseph Owens,RP,C,,
2a25d3f6-aca6-4c07-b591-aeeb7f685fcb,Phoenix Hawks,John Nelson,C,3B,,
d4d075bd-da52-4f57-8317-a88850771386,Phoenix Hawks,Brandon Turner,1B,SS,,
fd0391b5-8c42-4c15-b79c-0c4d06263802,Phoenix Hawks,Mark Adams,2B,C,,
3ce71f99-f45d-4859-a924-d1c089d04dd3,Phoenix Hawks,Anthony King,3B,DH,,
fcdf3048-17c8-44e0-a9df-7d58684bc1e1,Phoenix Hawks,William Walker,SS,2B,,
8b0c0667-fbec-4db0-b736-1a1a9162fb2e,Phoenix Hawks,Ryan Hayes,LF,DH,,
3cbdb5d4-a079-4670-b49c-bb22c12e4ee3,Phoenix Hawks,Samuel Sanchez,CF,C,,
42f1c079-ddd2-4a6b-ad86-c4a35c5d09e0,Kansas City Wolves,Anthony Irving,SP,CF,,1
3e4c32e7-5801-4d6d-bfc5-5a25a9b09e10,Kansas City Wolves,Robert Owens,SP,CF,,2
1b2a325b-35e6-4a75-8923-04ccd5e84b21,Kansas City Wolves,Joshua Lopez,SP,1B,,3
17cab279-b425-4b0a-aeed-1cf07fda897e,Kansas City Wolves,Robert Hayes,SP,1B,,4
265c55b3-abb9-417d-878b-620c8a82e65b,Kansas City Wolves,Andrew Edwards,SP,DH,,5
efe11760-ccd8-4b6b-9ca3-d2dfb6805b2f,Kansas City Wolves,David Johnson,RP,2B,,
e2941efd-83cb-4b71-b6cb-d9d5e379c1d3,Kansas City Wolves,Matthew Irving,RP,DH,,
902bc3c0-d413-4289-ab10-7635dcf764bf,Kansas City Wolves,Samuel Parker,RP,SS,,
dd3ad5b4-9381-4df9-b81c-a799b28adea5,Kansas City Wolves,Brandon Parker,RP,C,,
dc5e7f1f-daed-466f-a757-cdf5b8d83c5c,Kansas City Wolves,Thomas Turner,RP,SP,,
0cc8d7b1-352e-4182-af37-a9162d1a8be5,Kansas City Wolves,Brandon Foster,RP,SS,,
e10cbffa-5d97-4bcf-9d57-f184e01447ec,Kansas City Wolves,Nicholas Diaz,RP,SS,,
f9a56a25-ec81-4a95-896f-6fb4eef5c147,Kansas City Wolves,Michael Owens,RP,DH,,
e258c9f2-d00c-49ac-9b08-b59a687112ed,Kansas City Wolves,Samuel Johnson,C,SS,1,
6c212cba-0975-4de4-a6e7-d6ffd06b38e2,Kansas City Wolves,Robert Garcia,1B,CF,2,
4773c54b-e29c-43d8-b4cc-1e9c44309c3f,Kansas City Wolves,Brandon Turner,2B,LF,3,
ec3ab5ca-e0ba-4449-a340-c5e6471f1a3b,Kansas City Wolves,Robert Diaz,3B,1B,4,
b269104f-314e-4dcc-8959-92a1081d38ef,Kansas City Wolves,Thomas Adams,SS,CF,5,
9fda2ae4-f518-4954-8860-1cb50e956dce,Kansas City Wolves,David Baker,LF,RF,6,
b0c8db37-7e3f-4437-b212-6a0024c240ab,Kansas City Wolves,James Morris,CF,LF,7,
54141e34-ac00-443b-80e8-d953f35837f6,Kansas City Wolves,Samuel Lopez,RF,LF,8,
595b0b89-1be8-45af-83e1-e6ae0107cf3f,Kansas City Wolves,Samuel Nelson,DH,C,9,
6049f619-2cf8-4000-8ea1-009cabcc1342,Kansas City Wolves,Daniel Adams,C,1B,,
fa3dd95e-e783-4c67-8b58-57b86cb53fb9,Kansas City Wolves,Joseph Foster,1B,RP,,
70fcf659-70a5-4c23-8582-167b934885c8,Kansas City Wolves,Tyler King,2B,CF,,
e8d14942-3dfb-471a-ba54-7b11614ffa33,Kansas City Wolves,Samuel Baker,3B,RP,,
b885ee05-df05-4d98-a04c-4c24c75b1c46,Kansas City Wolves,Michael Carter,SS,LF,,
eee77a57-4707-4079-b4e2-c35109f6a923,Kansas City Wolves,Nicholas Garcia,LF,RP,,
53636a11-d946-4f16-b81a-7e3781aef9e2,Kansas City Wolves,Nicholas Foster,CF,RF,,
ec86ed05-bd11-4728-874d-1e0e48a597dc,Kansas City Wolves,Daniel Foster,RF,RP,,
48f0cef6-141d-4be7-ac63-2da54748790b,Kansas City Wolves,Michael Parker,DH,RP,,
fced8bbf-c969-4908-88f4-4bbf0ffa59c3,Kansas City Wolves,Samuel King,SP,3B,,
94dc2961-5d21-4c56-bb5e-1af5ce9f5d0c,Kansas City Wolves,Robert Parker,RP,1B,,
f91e1372-0e50-43d0-a746-ad8cd9f5d277,Kansas City Wolves,Robert Walker,C,SS,,
62520405-4a35-4d7e-b3ab-76420bc96c07,Kansas City Wolves,Andrew Irving,1B,C,,
1bb22999-31bb-4c0b-b24e-15a6deffddd2,Kansas City Wolves,Michael Carter,2B,RF,,
885482a9-5772-4dcd-993b-4ff9dd51a032,Kansas City Wolves,James Lopez,3B,2B,,
8594cb5c-1853-41f6-98e0-9d4840778e3e,Kansas City Wolves,Mark Nelson,SS,CF,,
278c20bc-8e54-4028-8398-8066590c4c3c,Kansas City Wolves,Mark Baker,LF,SS,,
36f5de32-25eb-4c5b-bc03-3154279752f5,Kansas City Wolves,Michael Lopez,CF,1B,,
397d8caf-8a5b-45fb-b01c-1fda941a5a0a,Dallas Rockets,Nicholas King,SP,RF,,1
21c9d4f5-d76e-4fd6-bfe2-a233c61fca79,Dallas Rockets,Michael Johnson,SP,3B,,2
945906b2-c428-4bda-8480-a8f98bc05815,Dallas Rockets,Brandon Parker,SP,CF,,3
10fff83c-bda7-462d-9c85-2e382d90ef92,Dallas Rockets,William Carter,SP,2B,,4
cc973008-9c30-4bcb-a28e-8d96827028b1,Dallas Rockets,Michael Reed,SP,3B,,5
dda7b795-f448-4d4a-94f9-0af92ebd157c,Dallas Rockets,David Foster,RP,3B,,
52a2f7f9-fc35-453b-bff1-46ba07edcc9b,Dallas Rockets,William Morris,RP,SP,,
2c2a4735-8f73-4231-9bdb-bc021963ec79,Dallas Rockets,Anthony Diaz,RP,CF,,
d08dc2df-ceee-4f27-b447-df6aaece9bd1,Dallas Rockets,David Johnson,RP,C,,
9d9e413a-d1e2-4998-bbe5-1d7c52cdf4a1,Dallas Rockets,Joseph Lopez,RP,SP,,
79d75760-4142-407f-a41f-e08007c94dce,Dallas Rockets,Michael Johnson,RP,1B,,
1b8711ae-2112-48f7-b33d-7edd57e5c29d,Dallas Rockets,James King,RP,3B,,
fac21214-19b8-4350-b28b-af848017c0b9,Dallas Rockets,Tyler Hayes,RP,C,,
55ae2902-e19f-4b84-895e-4c8f7adad8ef,Dallas Rockets,William Owens,C,SS,1,
04089ed1-b42b-45c1-9c08-a7891fd6655a,Dallas Rockets,Robert Foster,1B,SP,2,
92ce5c48-2b02-41c8-a2ee-6dca922992a2,Dallas Rockets,Anthony Hayes,2B,3B,3,
36e18174-f58a-4714-acff-d872186fba5d,Dallas Rockets,John Morris,3B,DH,4,
5334e553-1e7f-4017-acb4-ab0e33ab89f3,Dallas Rockets,Robert Lopez,SS,DH,5,
7b08a05e-8d3e-475a-bfac-5e240989cfba,Dallas Rockets,Brandon Reed,LF,2B,6,
fdaae916-9dbf-4a90-b873-37a1a4ba19ac,Dallas Rockets,Robert Lopez,CF,SS,7,
d5d69736-bf32-4cc3-af21-4002f50bdefb,Dallas Rockets,Joseph King,RF,1B,8,
2c1a60e9-2a00-4e30-8444-5a0a5f4af5ef,Dallas Rockets,Michael Garcia,DH,RF,9,
f2cab200-f248-4a9c-935c-e3f32965949b,Dallas Rockets,Robert King,C,CF,,
45d61772-7346-4dfd-8075-475a2bbec825,Dallas Rockets,Nicholas Hayes,1B,RP,,
a6febf24-cb74-4435-9cce-f5a0d31751e7,Dallas Rockets,William Irving,2B,DH,,
a039d04d-a3f2-4705-b1bd-83582ada3e77,Dallas Rockets,Nicholas Lopez,3B,2B,,
4aaf0317-6163-4fc6-a503-2dc1ed62c125,Dallas Rockets,Joshua Johnson,SS,CF,,
97724079-6f1d-46b6-97e5-3daa7bb12589,Dallas Rockets,Anthony Lopez,LF,3B,,
3de8317f-2409-4523-93b7-f12d6efae65a,Dallas Rockets,Nicholas Baker,CF,2B,,
0dd36d7b-b3ec-4554-84ac-7cad4375c028,Dallas Rockets,William Diaz,RF,LF,,
61292fc7-f753-4faf-8a01-8912b03879a0,Dallas Rockets,Tyler Edwards,DH,CF,,
9048f51b-f529-4f09-87a6-84efbb4a3895,Dallas Rockets,James Nelson,SP,RF,,
a6378c8a-283d-4b35-97e9-443bab62ff21,Dallas Rockets,Brandon Hayes,RP,LF,,
05ac2578-49be-4aea-8ac6-f9496acf44dd,Dallas Rockets,Tyler Carter,C,RP,,
bbdb45d9-fa7a-4c4f-8812-cf736e71bff3,Dallas Rockets,William Sanchez,1B,LF,,
a8936816-c56a-4f81-9340-6851fec87783,Dallas Rockets,Nicholas Hayes,2B,C,,
acdb1624-ae2b-4795-b3e2-575a09291b33,Dallas Rockets,Robert Walker,3B,2B,,
18945e13-907c-4461-ba51-5096e51b5351,Dallas Rockets,Robert Turner,SS,RF,,
936097a2-72c9-43a2-9ce1-914fd9fbbb6c,Dallas Rockets,Brandon Turner,LF,CF,,
f730b266-f036-4e15-9d6b-8a6c0c8511d5,Dallas Rockets,Samuel Nelson,CF,2B,,
0ef16b4e-ca9d-4776-902c-2dd119e75812,Minneapolis Guardians,Joshua Adams,SP,LF,,1
f1f48fd0-6ee9-44bd-a704-a38a90264c26,Minneapolis Guardians,Samuel Nelson,SP,RF,,2
a0706e34-79a7-4978-a27a-5236ad583bc3,Minneapolis Guardians,Robert King,SP,RF,,3
3184ee93-571b-446c-b563-4bb5bba7a6a0,Minneapolis Guardians,Nicholas Sanchez,SP,C,,4
244e12a8-f1cb-48f3-8d36-e6fe305cecfc,Minneapolis Guardians,Michael Baker,SP,LF,,5
d77448b9-ad73-4d1a-af2d-ec8c81c9b529,Minneapolis Guardians,Thomas Baker,RP,3B,,
3fb124c3-c089-4fdc-9745-3670f6b9ad2f,Minneapolis Guardians,Nicholas Lopez,RP,RF,,
7bb134ab-bc91-4e9f-a5b0-17cfbd25a074,Minneapolis Guardians,Mark Irving,RP,RF,,
cea2c88f-e2b8-41a7-b1bc-eb9bdf53b5d2,Minneapolis Guardians,Andrew Irving,RP,C,,
bbf64cee-852f-4a66-b072-29f7771c41ec,Minneapolis Guardians,Tyler Turner,RP,LF,,
1c578b97-0fd5-41bf-b8e7-1a3ed1725937,Minneapolis Guardians,William Morris,RP,LF,,
65e1b974-07b6-411d-91c6-3b61c5ae35d1,Minneapolis Guardians,Michael Foster,RP,2B,,
c7a11e26-a101-4ae0-a3dc-b6d9a1719d38,Minneapolis Guardians,Jordan Adams,RP,3B,,
ff777e56-5f86-4e27-a86d-1bb44a1addcd,Minneapolis Guardians,Michael Diaz,C,RF,1,
f1d770e6-3881-494b-a3ea-81a39d9c5b61,Minneapolis Guardians,Joshua Morris,1B,SS,2,
570dba09-1ffe-4ba3-94a0-811233c7976e,Minneapolis Guardians,Jordan Reed,2B,C,3,
55dcc5a1-cce1-4a7c-8274-7cd1c31772fe,Minneapolis Guardians,Nicholas Edwards,3B,RF,4,
49ff5eab-a32c-40b4-9852-f1730f27cf27,Minneapolis Guardians,Tyler Foster,SS,RF,5,
038e91df-843e-4f6e-903a-dcd4558c7ac4,Minneapolis Guardians,Anthony Baker,LF,SP,6,
73f214ab-6a7d-45a1-8902-2d833b9ec772,Minneapolis Guardians,Matthew Owens,CF,DH,7,
e67e9adf-74ee-49dd-8e62-c2f12f312d32,Minneapolis Guardians,David Parker,RF,RP,8,
4a76f622-8326-46c0-b4d3-0e81f73793b7,Minneapolis Guardians,James Sanchez,DH,SS,9,
2fdd4868-b676-49ca-b6a6-432595c6207b,Minneapolis Guardians,Nicholas Johnson,C,1B,,
3989b741-dd6b-4d26-b5bb-7b499e9e1f0c,Minneapolis Guardians,Mark Baker,1B,CF,,
e5b7863a-70ef-4b23-bab0-f72941cf62d8,Minneapolis Guardians,Mark Sanchez,2B,SP,,
a96be5ae-acc6-45ca-a4af-e5fcfe551a8e,Minneapolis Guardians,Mark Turner,3B,2B,,
a4462d38-6df2-4ec6-9bfb-5700132a42ab,Minneapolis Guardians,Thomas Baker,SS,3B,,
0c72481d-2869-4730-a854-1ee12d0a04e5,Minneapolis Guardians,David Sanchez,LF,C,,
b94631f6-a22e-4ad9-88ca-e202780d412d,Minneapolis Guardians,Brandon Reed,CF,1B,,
b3a3be23-bc96-413f-91a9-de015c88245b,Minneapolis Guardians,Brandon King,RF,CF,,
4ad4abc7-8955-4728-952a-937d3cb0b55a,Minneapolis Guardians,Tyler Edwards,DH,LF,,
b2dac8fd-9ef7-4954-a1fd-d341c5e9489f,Minneapolis Guardians,William King,SP,RF,,
0b228283-09a3-42f5-bd96-eca304fd1f8b,Minneapolis Guardians,Anthony Johnson,RP,2B,,
67308321-36e5-4a47-a2b6-46530031b34b,Minneapolis Guardians,Brandon Reed,C,RP,,
fdfec503-97ba-42b0-824f-ec8a4973976f,Minneapolis Guardians,Anthony Garcia,1B,3B,,
8f131495-7125-400a-8f75-10b98600d135,Minneapolis Guardians,Anthony Garcia,2B,1B,,
b663ffe6-aca1-4bc5-8ab4-698164b432f1,Minneapolis Guardians,Thomas Carter,3B,2B,,
d1161f93-9a39-4d39-844f-049160010533,Minneapolis Guardians,Jordan Hayes,SS,CF,,
076432ab-ec44-449a-88c8-e8f86b87140c,Minneapolis Guardians,William Turner,LF,1B,,
134fe72d-fc64-46b7-af03-9de6ca34fcde,Minneapolis Guardians,Daniel Sanchez,CF,SS,,
7cc319b2-e1da-45d9-94d2-e5be5ea7cb8d,Boston Falcons,Thomas Sanchez,SP,LF,,1
52a0fd04-f510-4743-8f98-feb4eefba213,Boston Falcons,Andrew Johnson,SP,C,,2
2fe7e45a-f7b1-4556-a4d4-77f8fad41472,Boston Falcons,Jordan Reed,SP,CF,,3
ce98db9e-d850-49c3-828a-a4cc57435218,Boston Falcons,David Owens,SP,3B,,4
ffa4f9ba-ccbd-409e-b4b1-37c13005a4b7,Boston Falcons,James Lopez,SP,RP,,5
669de35d-7c3a-4ef5-a919-7da2fb802a67,Boston Falcons,David Walker,RP,LF,,
fdc0a127-52c7-469c-9bd6-14a9d94d0e4b,Boston Falcons,Jordan Diaz,RP,SS,,
060c53e3-9181-4f5b-b490-e4359791f27e,Boston Falcons,Ryan King,RP,SP,,
927cbd7b-bea7-4f1e-a9b5-42a1997db88f,Boston Falcons,Tyler Hayes,RP,LF,,
8699c0b1-2e81-4071-af39-0e005af2b656,Boston Falcons,Tyler Hayes,RP,2B,,
c7c31b62-3436-4963-88f8-0d8971013a92,Boston Falcons,James Edwards,RP,DH,,
4b1bb803-fa94-4ef5-91dc-57d9a05a56b5,Boston Falcons,Nicholas Walker,RP,RF,,
69f1f7a2-d408-41f7-b540-1da718cdbb77,Boston Falcons,Mark Nelson,RP,3B,,
96a6064c-0463-41d2-acf8-9a419c4e7fc1,Boston Falcons,Samuel Hayes,C,CF,1,
dc747261-b944-4337-a91b-499eb32aafff,Boston Falcons,Joseph Hayes,1B,SP,2,
e0cd6525-4a6f-4af7-89b6-59df7f064375,Boston Falcons,John Baker,2B,SS,3,
e34dcafd-400d-45b3-bcb8-edcda626bbbd,Boston Falcons,Brandon Adams,3B,DH,4,
31ef403c-f004-4336-a603-112b0740830f,Boston Falcons,William Nelson,SS,RF,5,
fea07483-2499-4e3e-82a9-9316f71980ac,Boston Falcons,Joseph Adams,LF,C,6,
6ee7cafb-1b2e-4670-aa59-a162a78267e5,Boston Falcons,Michael Irving,CF,SS,7,
b4aff299-10fc-464e-8e6f-8f0637d0fb86,Boston Falcons,Daniel Walker,RF,SS,8,
8abc0693-e558-480b-9806-bec852c561d8,Boston Falcons,Michael Carter,DH,CF,9,
ed6d4a02-8186-4d68-97d2-8f08215a6cb9,Boston Falcons,Nicholas Carter,C,SS,,
291b1351-7df2-48aa-ace4-4602aab20dc6,Boston Falcons,Matthew Reed,1B,SP,,
9f443ff1-6a0e-49e2-9ed3-c1018c048ee7,Boston Falcons,Tyler Irving,2B,3B,,
38cb70b7-df9f-4dcf-821f-03e79614af7c,Boston Falcons,David Reed,3B,2B,,
9d138623-561a-4765-a0c2-d227029c5d36,Boston Falcons,James Owens,SS,LF,,
ebde9166-f611-4440-8746-f4c182f41d97,Boston Falcons,Joseph King,LF,2B,,
2813e560-b3a6-40a5-ac9e-c6c1393af9ae,Boston Falcons,Jordan Turner,CF,C,,
fcf9d234-a2d3-43b8-9b22-c1d8088e3820,Boston Falcons,Joshua Garcia,RF,2B,,
8b0a4c2e-fbae-4e04-875f-2730a4121e24,Boston Falcons,Joseph Edwards,DH,1B,,
8135c289-e53d-40c2-ba53-0d7057dea499,Boston Falcons,Thomas Diaz,SP,1B,,
30d62a1b-0ab9-4abb-9540-7e8164180c9c,Boston Falcons,Michael Baker,RP,2B,,
026d8528-6568-4028-aca3-3b13e7f6f249,Boston Falcons,Michael Nelson,C,RF,,
0544a38e-7ad0-458c-a0ce-c42aa9b2e442,Boston Falcons,Ryan King,1B,C,,
1baf3415-3730-4b7c-a861-109645f227d2,Boston Falcons,Andrew Owens,2B,1B,,
02b58c45-4e9b-44e7-92d8-5aac83ac8cb2,Boston Falcons,Tyler Hayes,3B,CF,,
eb1b63e1-cea5-451b-a07c-3cab395da9a3,Boston Falcons,Ryan Parker,SS,3B,,
4482e97c-b0cc-4bd8-8197-69a84c050a13,Boston Falcons,William King,LF,3B,,
73a8c3ca-c659-449b-b996-94fc5291f8c3,Boston Falcons,Joshua Diaz,CF,LF,,
08d7f176-83a0-4dd3-9d2a-5ba68fcf41cc,Seattle Storm 2,Anthony Walker,SP,RF,,1
6c7d9378-0149-409c-b1d4-364ace401660,Seattle Storm 2,Joseph Lopez,SP,RF,,2
399fd824-ca7d-4fa4-91fe-e77718b82b1b,Seattle Storm 2,David Johnson,SP,3B,,3
258040f8-2296-444e-a249-8a73bed993e7,Seattle Storm 2,David Parker,SP,1B,,4
73633fa9-945c-4ba1-a6af-51ea1513b2d1,Seattle Storm 2,John Sanchez,SP,2B,,5
b28683bf-cc6b-4ed6-bcf2-db56c5d996d4,Seattle Storm 2,Joshua Nelson,RP,RF,,
4c939246-7886-4006-851a-ece2ffe77b7e,Seattle Storm 2,Nicholas Nelson,RP,LF,,
74694f3c-f8d8-4533-a5fe-c11e48c95ccc,Seattle Storm 2,David Morris,RP,SP,,
8b04c8a4-3ef2-466d-81bc-57e847076231,Seattle Storm 2,James Edwards,RP,SP,,
a6ab4c42-40fb-4377-a265-ac056015e6d9,Seattle Storm 2,Samuel Turner,RP,SP,,
4a7f2d56-6545-4da2-bba3-24d9b0bd4fd9,Seattle Storm 2,Mark Edwards,RP,2B,,
7c20ef25-38ae-4d33-95af-a437eb3e00fa,Seattle Storm 2,Thomas Diaz,RP,2B,,
0008d47d-c87a-4a78-a59d-129e4141b12a,Seattle Storm 2,Thomas Parker,RP,SP,,
5038a9f9-38b5-43b3-93db-4a162d4491df,Seattle Storm 2,Brandon Lopez,C,2B,1,
b5cf544c-271d-42c5-8ac9-abba39991634,Seattle Storm 2,William Hayes,1B,LF,2,
94e2e120-6908-4897-b46a-14ae7fb6293f,Seattle Storm 2,James Carter,2B,RP,3,
2817ecae-283f-4f6f-86b3-0f38197d7844,Seattle Storm 2,Mark Reed,3B,1B,4,
9a027aa9-47a9-4b3f-88c1-a9af3dac0867,Seattle Storm 2,Tyler Johnson,SS,RF,5,
15b4266c-3c92-4fc3-82ff-f59f0bfcafe3,Seattle Storm 2,Jordan Walker,LF,3B,6,
c4cbff0e-cc48-434d-bdf3-c25a85fab3d5,Seattle Storm 2,Thomas Lopez,CF,C,7,
8bdc1654-fedc-4a89-b072-119f0fef4cb2,Seattle Storm 2,Thomas Adams,RF,2B,8,
fafb9534-e019-459d-9b37-2e0ef17bee4d,Seattle Storm 2,Ryan Carter,DH,CF,9,
c5442353-2d83-47a2-9f33-f3b18c77c12f,Seattle Storm 2,John Baker,C,LF,,
5d974a85-04b1-498d-abaf-918e99254d3d,Seattle Storm 2,Matthew Foster,1B,3B,,
19f08b57-85cd-49bd-922f-52e9d495ef83,Seattle Storm 2,David Nelson,2B,RF,,
bfab2f48-2c50-4460-a9c5-6f47a64fa414,Seattle Storm 2,John Foster,3B,RF,,
acd6af93-abdf-4f18-b116-4b40065042ea,Seattle Storm 2,Robert Parker,SS,SP,,
abd733df-b1a0-4b5b-9da1-eec4d90a5f2e,Seattle Storm 2,Michael Nelson,LF,SS,,
5a2f2c81-1435-43de-89cd-ffcddd3eeae9,Seattle Storm 2,Thomas Reed,CF,2B,,
61c29f96-daa8-48d6-ae34-219c927ee87f,Seattle Storm 2,Brandon Johnson,RF,RP,,
71436232-b99f-4df3-98c5-ec85cb785c48,Seattle Storm 2,Michael Nelson,DH,RP,,
059d0e7f-17a5-44a6-b1ad-f71a6605ebac,Seattle Storm 2,James Carter,SP,CF,,
549b1c38-dc72-4baf-a8de-d2ea8df4383d,Seattle Storm 2,Ryan Turner,RP,1B,,
46e862d7-714a-40b8-a41b-56ee1230b5b9,Seattle Storm 2,Jordan Johnson,C,CF,,
8f135b1e-70ab-4fc4-92b9-51805fc1b284,Seattle Storm 2,Thomas Garcia,1B,SS,,
40156dd9-7a9b-4505-a858-dc5d5d4b2a42,Seattle Storm 2,William Parker,2B,3B,,
0ac7f33d-175e-400b-ae16-832af4fae482,Seattle Storm 2,Andrew Parker,3B,1B,,
6273e2e1-6514-49e1-ae9f-70becec3e104,Seattle Storm 2,James Edwards,SS,CF,,
24c92909-666b-48f5-899c-508fef3e7d1c,Seattle Storm 2,Nicholas Diaz,LF,3B,,
206657d3-bc55-4036-ae83-ac068962a6e3,Seattle Storm 2,Joseph Turner,CF,SP,,
77bc256a-4f6c-44e5-b1cf-f56cf35d4652,Philadelphia Knights 2,John Edwards,SP,1B,,1
f8b26053-eb99-4d9b-829a-797b0a9ef05d,Philadelphia Knights 2,Anthony Owens,SP,RF,,2
e573e989-2d90-41a5-82ea-5b30128bce7a,Philadelphia Knights 2,Joseph Diaz,SP,LF,,3
129884a6-00af-44da-a0e2-ea2570549fb8,Philadelphia Knights 2,John Walker,SP,2B,,4
b268b073-870d-49b4-b4c4-e3e310ccbfaf,Philadelphia Knights 2,Thomas King,SP,C,,5
9d827a31-6b1a-4e51-9519-00845ded43ec,Philadelphia Knights 2,Jordan Baker,RP,CF,,
edf6cc84-8563-46ff-91a8-dc0bf689f131,Philadelphia Knights 2,Thomas Irving,RP,SP,,
69e8f874-3608-40cb-9060-c51b55ab73db,Philadelphia Knights 2,John Carter,RP,RF,,
0089bc34-8c72-4892-8cb4-3ea565daf1e0,Philadelphia Knights 2,Daniel Hayes,RP,DH,,
cc52128f-468b-498a-a6cb-0f691d918fb3,Philadelphia Knights 2,Mark Adams,RP,SP,,
d2c78c6e-4a2a-464f-a8ce-1376a0add060,Philadelphia Knights 2,James Edwards,RP,3B,,
8722b77e-dbac-48e3-b486-f151a00a7e8c,Philadelphia Knights 2,Andrew Adams,RP,CF,,
a9e6fd3e-e323-454d-b9af-393a28755a9d,Philadelphia Knights 2,Jordan Walker,RP,C,,
a6ef7797-4bad-46d9-ba9e-00a31447d503,Philadelphia Knights 2,Tyler Morris,C,1B,1,
08fad0ce-dc10-4f12-9e01-a8cdb1d0280a,Philadelphia Knights 2,Andrew Nelson,1B,RP,2,
655e23ee-5c16-4da8-bfec-c2b89a4b7832,Philadelphia Knights 2,Nicholas Walker,2B,SP,3,
7995a7b0-9cfe-47e6-bfea-981499e2bce9,Philadelphia Knights 2,Thomas Carter,3B,1B,4,
68b54203-98c8-4b76-8284-620ceb04b47d,Philadelphia Knights 2,Michael Foster,SS,SP,5,
717c90a7-58c6-4919-a277-fc45110717d6,Philadelphia Knights 2,Andrew Edwards,LF,2B,6,
f1b4c769-facc-4e87-80a9-74e8f1964c93,Philadelphia Knights 2,Nicholas Reed,CF,SP,7,
15a81f2d-2215-4866-b513-b9a6c025f8f8,Philadelphia Knights 2,Ryan Diaz,RF,SP,8,
3ce3e212-cce9-4cf7-991d-8765a6245d3e,Philadelphia Knights 2,John Walker,DH,CF,9,
cf7e7898-8bd9-4fff-ab56-0e1f2bf49ed8,Philadelphia Knights 2,Joseph Reed,C,SS,,
88a6d219-fdfb-4066-9af7-181dda48857f,Philadelphia Knights 2,Robert Reed,1B,2B,,
043e13cf-f585-42ea-98a4-3118f1e118c1,Philadelphia Knights 2,Thomas Carter,2B,LF,,
c3990327-f82a-4abc-a60a-e922420df0b8,Philadelphia Knights 2,Brandon Walker,3B,RF,,
b37fa1fc-232b-43e4-9d12-f9f74a0536ff,Philadelphia Knights 2,Michael Owens,SS,1B,,
40995224-6138-4626-b055-6ddbce04b951,Philadelphia Knights 2,Thomas Hayes,LF,2B,,
3eefb373-d415-4af5-9e75-15bf379b1b87,Philadelphia Knights 2,Tyler Lopez,CF,3B,,
5d66b4b8-cb48-4d2b-9912-557a50ab0000,Philadelphia Knights 2,Michael Reed,RF,1B,,
5d260430-c90f-47ce-aba8-11107c04ae00,Philadelphia Knights 2,Matthew Garcia,DH,SS,,
cf1ad0a4-c47b-46a9-a4ff-cc1590f4fb0e,Philadelphia Knights 2,Jordan Turner,SP,2B,,
b2ccc264-38f5-4e36-b68b-55648b7cb1ba,Philadelphia Knights 2,Robert Edwards,RP,3B,,
04b496d4-eb6e-4aeb-8446-daae4f1dc17f,Philadelphia Knights 2,Thomas Garcia,C,LF,,
7cf75e27-4f63-4f40-99be-6e5af3cc5328,Philadelphia Knights 2,Mark Diaz,1B,SP,,
6235cb5f-c5d2-4999-bfb8-ca77d0d5877f,Philadelphia Knights 2,Tyler Adams,2B,LF,,
416a81f1-7a09-400a-a944-89ff04db9445,Philadelphia Knights 2,Andrew King,3B,C,,
fc67d599-5b57-4139-aac8-fca279464ff6,Philadelphia Knights 2,Daniel King,SS,SP,,
853f9b95-0694-4f80-a9af-d0dd6599f364,Philadelphia Knights 2,Samuel Adams,LF,C,,
5bf0ac09-10ee-4f16-a82f-2e2dad01a661,Philadelphia Knights 2,Mark Garcia,CF,DH,,
6442a328-2e79-443e-b550-df0611e9c2db,Atlanta Captains 2,Matthew Garcia,SP,LF,,1
802fc100-08d2-4e9f-8260-1de6f13ba7ab,Atlanta Captains 2,James Lopez,SP,SS,,2
8c42a651-9854-46e6-81b6-8910f7eab667,Atlanta Captains 2,John Morris,SP,C,,3
44d3568d-1854-495b-8450-d32a57009531,Atlanta Captains 2,Jordan Parker,SP,LF,,4
da3f26c4-9fa0-4e53-ac2c-295d48822f12,Atlanta Captains 2,Jordan Johnson,SP,RF,,5
fb1b71c6-8182-4c6e-af22-17509194bfe5,Atlanta Captains 2,Tyler Nelson,RP,SS,,
3ea12b60-9d38-4ce9-8391-2e4da7ac24e8,Atlanta Captains 2,Joseph Reed,RP,CF,,
aff79e6e-b2c7-43a5-95b8-f74e36b290b0,Atlanta Captains 2,Joseph Turner,RP,1B,,
abce40d8-666a-44b1-9663-88a37e82d4f9,Atlanta Captains 2,Daniel Lopez,RP,DH,,
de524fbc-3692-4123-8021-8428d0434629,Atlanta Captains 2,Anthony Edwards,RP,DH,,
4ca2c200-b1cb-45a5-9e7b-0f917950c819,Atlanta Captains 2,Robert Lopez,RP,SS,,
a01529d0-f164-4e78-894d-5da706759864,Atlanta Captains 2,Matthew Sanchez,RP,LF,,
c4ed5b4c-c8f7-428a-97d5-346de8aa9350,Atlanta Captains 2,Daniel Lopez,RP,CF,,
64a24f7f-d880-432e-b82d-40b4ad0aa144,Atlanta Captains 2,Mark Hayes,C,LF,1,
f8361787-1b8b-42f2-9d1b-175661019eef,Atlanta Captains 2,Jordan Turner,1B,SP,2,
df628161-d95b-430d-b663-09d7002f6179,Atlanta Captains 2,Brandon Baker,2B,3B,3,
294a134b-d298-4a5d-b133-6a165a2279e8,Atlanta Captains 2,Matthew Parker,3B,CF,4,
71d5bf40-d38c-48e9-9b31-945b97de22b6,Atlanta Captains 2,Brandon Carter,SS,RP,5,
9225860c-3cfd-42cc-9a18-fca5c2b05056,Atlanta Captains 2,Mark Nelson,LF,2B,6,
28dc9966-ae42-4fdb-ba9f-2e56385755d9,Atlanta Captains 2,Michael Morris,CF,1B,7,
00421bfb-5f59-422e-b6ae-5b9cbd3201fc,Atlanta Captains 2,William Johnson,RF,RP,8,
39eb1822-affc-4f6a-b949-7a767b565668,Atlanta Captains 2,David Baker,DH,CF,9,
6505c614-d594-4095-894d-3c687d107003,Atlanta Captains 2,Robert Adams,C,CF,,
56a17888-6416-4c3d-8c35-84f24e7cba0a,Atlanta Captains 2,Thomas Nelson,1B,2B,,
f2eb61d5-d7cd-4638-b97c-e2a3bca44383,Atlanta Captains 2,Thomas Foster,2B,SS,,
1b1d7b87-d4fb-4076-b524-c5797ede9c9b,Atlanta Captains 2,Thomas Edwards,3B,SS,,
42cb595a-d25b-4691-bb73-034ccf9b1ac4,Atlanta Captains 2,Mark Turner,SS,CF,,
6e373e83-cd4a-4491-9ddd-90e05e6de1ea,Atlanta Captains 2,Robert Edwards,LF,RF,,
f3cb32de-bf63-404b-ad52-64965bd2f49a,Atlanta Captains 2,Tyler Irving,CF,RP,,
8c386526-c4a4-4c8c-81ef-9cd616479251,Atlanta Captains 2,Robert Johnson,RF,SP,,
c1463412-9811-4ec4-9b7e-e4a5d37e3fce,Atlanta Captains 2,Robert Johnson,DH,2B,,
7ab005ad-c071-412e-803f-9123135e209a,Atlanta Captains 2,Mark Hayes,SP,3B,,
281d21ad-23cb-4c6d-a349-cd0e145c9af2,Atlanta Captains 2,Anthony Diaz,RP,DH,,
49835cad-2425-4e75-95e9-67de31622ae2,Atlanta Captains 2,Joseph Irving,C,1B,,
3dc7385a-2490-4677-9a24-d7fad3ed92ac,Atlanta Captains 2,Michael Nelson,1B,2B,,
37ad3a5b-0ef1-4e2a-a85d-23cf965f680e,Atlanta Captains 2,Mark Parker,2B,RP,,
19ec438f-4a2d-4ed1-8638-a4bb227cfc32,Atlanta Captains 2,Thomas Edwards,3B,DH,,
a654d001-c86b-4a9e-b220-3f0ed5b0e840,Atlanta Captains 2,Joshua Parker,SS,RP,,
f1391dc5-1822-48fb-afed-5564463d1b9e,Atlanta Captains 2,Daniel Turner,LF,RF,,
e5b189d4-6685-48fa-bedc-e076f8b4d278,Atlanta Captains 2,Samuel Johnson,CF,DH,,
5e0dfc1f-cd10-477d-a1c5-7526aaf1f78e,San Diego Falcons 2,Mark Morris,SP,3B,,1
a09c9f15-7e4e-4d12-a2c2-fd1002730630,San Diego Falcons 2,Joseph Parker,SP,C,,2
f512c348-9f6b-4fdd-9d9d-26fd264e6169,San Diego Falcons 2,Thomas Walker,SP,2B,,3
9dbc9089-cfb0-4eea-89c5-bede8abf8656,San Diego Falcons 2,David King,SP,DH,,4
483fc281-b691-4121-8ea1-02cccc634ecc,San Diego Falcons 2,Anthony Garcia,SP,SS,,5
78442d94-38bd-48f8-b35f-75935d009bc2,San Diego Falcons 2,Mark Hayes,RP,1B,,
9b80f9f0-ca1f-40b6-932b-a53d1f2836dd,San Diego Falcons 2,William Turner,RP,SS,,
8436bf44-4ce2-4420-a879-9329950c1371,San Diego Falcons 2,Nicholas Carter,RP,C,,
3fa09c8d-2101-468d-8f1c-dfc85c055339,San Diego Falcons 2,Jordan Walker,RP,RF,,
75dbb5c5-2c7e-424d-8745-a349a259966c,San Diego Falcons 2,Daniel Walker,RP,LF,,
056eb949-349f-4434-a370-2410f2d936f0,San Diego Falcons 2,William Hayes,RP,CF,,
00a6c805-8524-427d-8f38-178ae6276c07,San Diego Falcons 2,Mark Johnson,RP,CF,,
88c25168-d72e-465e-b108-bafe9f79e171,San Diego Falcons 2,John Foster,RP,SS,,
6d1dc702-1220-48d9-a544-7fbbc57eb46a,San Diego Falcons 2,James Hayes,C,RF,1,
e625123a-277b-4464-aad3-2fd63823aab1,San Diego Falcons 2,Daniel Morris,1B,RF,2,
276fd417-4b90-4418-89bb-3818b7e3b8b3,San Diego Falcons 2,David Morris,2B,RF,3,
81fd4164-fa5b-45ad-b61b-3f722472e6de,San Diego Falcons 2,Samuel Johnson,3B,CF,4,
1b09d60b-5355-49b8-a1b6-5d3cad12f2ba,San Diego Falcons 2,Ryan Turner,SS,RP,5,
157c773d-f7e1-45f3-b132-5d04551a84a9,San Diego Falcons 2,Nicholas Reed,LF,1B,6,
86fbbd74-204a-4eb8-b800-564e78638721,San Diego Falcons 2,Nicholas Johnson,CF,1B,7,
42c84421-46bd-49be-a00f-1f140b2eec0f,San Diego Falcons 2,Joseph Lopez,RF,3B,8,
3ccce693-830a-4ee1-b0d7-b782a44feed7,San Diego Falcons 2,Ryan Garcia,DH,RF,9,
560c1731-cf54-43c6-a9f0-9bafe30cd01c,San Diego Falcons 2,Joseph King,C,CF,,
35969fea-9549-4a75-8d97-9f8d0dde202c,San Diego Falcons 2,Joseph Diaz,1B,SS,,
1db72252-a609-4af3-991e-da903718cedf,San Diego Falcons 2,Nicholas Hayes,2B,DH,,
6fdc6516-63b9-4141-95b3-35865c271c22,San Diego Falcons 2,Jordan Garcia,3B,1B,,
0cf4dc08-5ac2-45bd-b4fc-be704e4c1444,San Diego Falcons 2,Joseph Sanchez,SS,RP,,
6f3137ba-e881-4576-ab35-0138ad7051a6,San Diego Falcons 2,David Irving,LF,SS,,
aab935ca-fd70-4e9e-8864-8783c6aa9ac5,San Diego Falcons 2,Daniel Turner,CF,C,,
51f7258b-14a5-4efd-9187-3cc5330e5c9f,San Diego Falcons 2,David Baker,RF,SS,,
49c7b755-b390-452d-a1fe-4c8e68c83541,San Diego Falcons 2,Nicholas Adams,DH,RP,,
9f395c2a-b7a5-4a3f-832b-ea22f0478d38,San Diego Falcons 2,Thomas Carter,SP,2B,,
810853e4-ac1e-4d17-aea2-2338ad5d4f7d,San Diego Falcons 2,Matthew King,RP,SS,,
13dbfd92-cfaa-4a08-aebf-04d86aac4f2c,San Diego Falcons 2,Nicholas Carter,C,SP,,
a2680986-aa7c-415f-82fb-4543338c8960,San Diego Falcons 2,Daniel Diaz,1B,2B,,
9325a26b-a665-4633-88a8-8be4d2241081,San Diego Falcons 2,Daniel King,2B,3B,,
ab336a97-5bde-47b8-bb45-f19bbd130ef6,San Diego Falcons 2,John Lopez,3B,SS,,
1e6c3a6c-86b7-409f-9531-f33a866d8bb5,San Diego Falcons 2,John Morris,SS,3B,,
594d5270-071d-4bea-8d7a-719d6855ff42,San Diego Falcons 2,Jordan Baker,LF,2B,,
3540d33c-cbd3-4c84-9796-d94b6af31864,San Diego Falcons 2,Joseph Turner,CF,DH,,
ba6eb0a8-3a8c-4556-a36c-d4a5aa2630a7,Tampa Pilots 2,Joshua Foster,SP,RF,,1
8092a746-6e64-4078-b155-a93949ab89de,Tampa Pilots 2,Samuel Baker,SP,1B,,2
1f0b5c77-456d-4f71-9af0-0c1f7a756422,Tampa Pilots 2,Robert Baker,SP,2B,,3
2276d576-d697-47a7-a032-804b0e2289cc,Tampa Pilots 2,Jordan Morris,SP,2B,,4
ca33bf6c-2a20-4b0e-9589-39c4621de05c,Tampa Pilots 2,Nicholas Adams,SP,1B,,5
ed5424ef-2269-41c9-8512-2a51edf3bf6a,Tampa Pilots 2,Nicholas Reed,RP,LF,,
ceed5784-0ad1-4a2a-9d91-cf17de93c601,Tampa Pilots 2,Michael Owens,RP,SS,,
901962b0-2f25-4b54-af8f-5e51eff2c0e3,Tampa Pilots 2,Tyler Sanchez,RP,RF,,
467e6ca7-dccb-4d10-a92f-8b806e62542e,Tampa Pilots 2,Daniel Walker,RP,2B,,
66a50da0-1a41-48bf-b2dc-1a10aade1f5e,Tampa Pilots 2,Nicholas Johnson,RP,SP,,
96fd0d78-d4a7-461b-910b-d9d2d6becc6b,Tampa Pilots 2,Daniel Baker,RP,2B,,
dc2b746c-e821-4499-8538-c9cf7b53d0d4,Tampa Pilots 2,Thomas Foster,RP,DH,,
e4125a45-29ad-4115-8e8d-92058c32aad4,Tampa Pilots 2,Brandon Adams,RP,1B,,
5f3ae01b-05db-46fc-b34d-c16dbbe4a152,Tampa Pilots 2,Tyler Walker,C,LF,1,
a37cd562-0a81-4cba-9b31-3b7028fe2731,Tampa Pilots 2,Nicholas Turner,1B,RF,2,
180adec2-344d-4372-b48f-05d4c6442e6f,Tampa Pilots 2,Andrew Johnson,2B,LF,3,
eaefe757-c24c-4c3a-b723-f806cdd7538a,Tampa Pilots 2,Thomas Parker,3B,RF,4,
7d77dcf1-3d3e-4910-b835-fa5ce6b577e5,Tampa Pilots 2,Daniel Baker,SS,CF,5,
9e51ef06-7bd2-45d8-8a25-cb7475aae30a,Tampa Pilots 2,John Baker,LF,3B,6,
2ccb30bb-11c5-435d-900c-23eaa581db42,Tampa Pilots 2,Mark King,CF,SS,7,
75d5b46c-89e7-4ace-a271-b0c60f74390a,Tampa Pilots 2,Jordan Diaz,RF,SP,8,
d5f8eb40-bde0-41b6-a926-d7dba169a0c6,Tampa Pilots 2,Ryan Irving,DH,CF,9,
326cfba7-03e2-4c9b-b0a4-275e0126069e,Tampa Pilots 2,Anthony Hayes,C,SS,,
2495d262-eb18-4680-ae5d-a61c829acb3c,Tampa Pilots 2,Brandon Owens,1B,LF,,
39c5f071-16c1-4797-9102-a0297f027c31,Tampa Pilots 2,Mark Adams,2B,RF,,
cc511298-43fc-48cf-af1e-e39849465a73,Tampa Pilots 2,Joshua Sanchez,3B,RP,,
518d2d62-b0df-4fac-9ffc-40fde499c101,Tampa Pilots 2,Matthew Sanchez,SS,1B,,
5057c276-64b3-49c1-83af-17b225797c3b,Tampa Pilots 2,Andrew Owens,LF,2B,,
9f1272af-0e73-4be9-ab40-23cc741575a8,Tampa Pilots 2,Matthew Parker,CF,3B,,
496fe192-9780-4629-b4d7-8a648dc0a397,Tampa Pilots 2,Andrew Nelson,RF,SS,,
91fe9093-3e0c-495a-944f-8020c8408e7e,Tampa Pilots 2,Robert Diaz,DH,SS,,
6221b6da-b92e-4d0a-85fe-90da1412d0c4,Tampa Pilots 2,Joshua Nelson,SP,SS,,
ba586ae3-da9e-49ae-ad87-e17919bdfa9c,Tampa Pilots 2,Joshua Hayes,RP,C,,
45eff873-110d-40c8-85fb-d5a76922ba21,Tampa Pilots 2,Brandon Reed,C,3B,,
6211db6f-1d1b-4720-b21d-c5518ce3ea29,Tampa Pilots 2,William Adams,1B,SS,,
fd98bf74-dffe-4327-af92-56bea142f900,Tampa Pilots 2,William Turner,2B,SP,,
3bc00654-4995-41c5-ad07-810e15f7a472,Tampa Pilots 2,Michael Carter,3B,SS,,
6866fd08-bf0f-4c8b-b83e-ebe74e88cad2,Tampa Pilots 2,Thomas Walker,SS,3B,,
466a1fe8-d5c4-4b0f-97de-b75273868d0c,Tampa Pilots 2,Anthony Nelson,LF,SS,,
6c0b6dec-3a96-4380-b268-9c7fa2d3cea3,Tampa Pilots 2,Matthew Turner,CF,C,,
36bd4331-7a98-4b9a-bb28-6142a62b794e,Cleveland Sharks 2,Daniel Reed,SP,C,,1
285c571e-d00d-464d-b74f-b32292d88ea8,Cleveland Sharks 2,Andrew Nelson,SP,3B,,2
1164a552-098f-4f2c-8610-7c8f6b0ea499,Cleveland Sharks 2,Mark Foster,SP,2B,,3
c9ed01f3-06b3-4fa8-93fb-00af6efb10c3,Cleveland Sharks 2,Thomas Morris,SP,RF,,4
4d0b7894-78c7-451b-8491-bf8e8e6dce53,Cleveland Sharks 2,Thomas Morris,SP,DH,,5
d7917ca9-c595-4735-8516-b42da33bb914,Cleveland Sharks 2,Thomas Garcia,RP,SP,,
d53cabfd-0e8b-4b8d-839d-c7b20de35ab6,Cleveland Sharks 2,James Diaz,RP,C,,
f4359ae4-cb6a-4f02-9f9c-f437295005c4,Cleveland Sharks 2,Joseph Owens,RP,LF,,
edde45e6-b4af-433f-93ff-cc9b53ae5741,Cleveland Sharks 2,Samuel Johnson,RP,SS,,
f15911c4-8a1b-4d80-92ee-230c6b4949de,Cleveland Sharks 2,Tyler Lopez,RP,1B,,
2011aae6-1b70-4f1c-a553-21f55bd588f7,Cleveland Sharks 2,Tyler Nelson,RP,LF,,
56d49cdb-e1db-4786-9c95-5a3d34cafbde,Cleveland Sharks 2,Nicholas Owens,RP,LF,,
fa71ade0-e399-4668-b558-f43d51aac80a,Cleveland Sharks 2,Samuel Foster,RP,C,,
eac559c0-f8a4-4171-81d7-0600c0450c44,Cleveland Sharks 2,John King,C,LF,1,
a0c1007d-00f6-43b7-a547-592d17671665,Cleveland Sharks 2,Tyler Hayes,1B,3B,2,
f49eac90-8e85-4074-9f3c-70b22b1f78a5,Cleveland Sharks 2,Andrew Carter,2B,SS,3,
f995ebc9-ab63-4ce0-88ff-81921d8c93e0,Cleveland Sharks 2,Ryan Sanchez,3B,RF,4,
f5cfdc69-06be-4cfe-842c-6286976ef1c4,Cleveland Sharks 2,Michael Garcia,SS,3B,5,
e9fdd3c1-2af7-4073-a87a-811664d1a7cc,Cleveland Sharks 2,Matthew Garcia,LF,DH,6,
92c698f3-b406-4c6a-af24-72bbb5095c33,Cleveland Sharks 2,Nicholas Turner,CF,RP,7,
cf4c309a-1940-41e6-a3c1-c0ecd6b9c420,Cleveland Sharks 2,Andrew Carter,RF,2B,8,
27956303-3c70-4806-8fbd-b130ace95870,Cleveland Sharks 2,Joshua Owens,DH,2B,9,
6cb7b261-b7ff-485b-b991-7bb516052e90,Cleveland Sharks 2,James Hayes,C,CF,,
b77afc65-1f10-4578-9458-2606df7d2ba9,Cleveland Sharks 2,Thomas Nelson,1B,SP,,
4e901f52-25ae-40bb-8f94-f711f6d45cf9,Cleveland Sharks 2,Joseph Owens,2B,SS,,
adbbcfec-74e8-4917-9e78-34b3ac8b83bf,Cleveland Sharks 2,Robert Nelson,3B,DH,,
a8b8f0db-25a6-4d73-9ac0-b42a79904d2a,Cleveland Sharks 2,Jordan Foster,SS,LF,,
6364d293-e944-4e06-8dec-725f031c88bc,Cleveland Sharks 2,Tyler Parker,LF,3B,,
7ba4a737-53e7-4919-93d8-d59611dacaab,Cleveland Sharks 2,Matthew Turner,CF,SP,,
34271a47-fee1-4d7d-a54d-9c48364b15b3,Cleveland Sharks 2,Jordan Garcia,RF,1B,,
b6c529b9-1973-4b83-81e7-dd9b7e460579,Cleveland Sharks 2,Mark Edwards,DH,SP,,
6becbd67-c437-4052-b27b-912d9c991e29,Cleveland Sharks 2,Nicholas Turner,SP,SS,,
1dfa3f50-dcd9-49a7-a417-e5278c34b3a2,Cleveland Sharks 2,Daniel Baker,RP,3B,,
e0655c0b-fde9-464b-bb89-92b6a6c8fc64,Cleveland Sharks 2,Mark Adams,C,2B,,
a2bd419b-2290-4fa6-a40c-7b464be0cfc2,Cleveland Sharks 2,Thomas King,1B,2B,,
cb1e6c67-986c-4b7e-9330-823a94220427,Cleveland Sharks 2,Joseph King,2B,RF,,
628f823f-e05f-41e3-8fdd-dee6dccc8c8d,Cleveland Sharks 2,James Nelson,3B,RP,,
b2fd5af5-52b6-47df-a9fc-f5dfa117c998,Cleveland Sharks 2,Brandon Hayes,SS,DH,,
4d281a3e-d382-401d-9207-ddcebc30f0c7,Cleveland Sharks 2,Mark Garcia,LF,3B,,
3d513c95-e54c-402b-b5f6-50eda4c6c9ff,Cleveland Sharks 2,Tyler Turner,CF,RP,,
8170cd07-78ce-4f9c-9147-cf40944c47ac,Detroit Bears 2,Tyler Morris,SP,3B,,1
644d6eb2-6685-4325-832b-f15daa57b11f,Detroit Bears 2,Thomas Foster,SP,3B,,2
dcd44270-0f09-44f3-ad6a-5f17ff82817e,Detroit Bears 2,Ryan Sanchez,SP,1B,,3
63513877-f5d1-4f0a-80ac-8a13b9d7d04e,Detroit Bears 2,Michael Owens,SP,CF,,4
0555f72e-ad5f-4cad-bea6-8f7fc3a0f4fd,Detroit Bears 2,Andrew Lopez,SP,RF,,5
e5874998-b121-47a6-965c-090c8b5ada68,Detroit Bears 2,Samuel Adams,RP,SP,,
0abf2cda-ab90-49c2-a6f3-edf8fe680e14,Detroit Bears 2,Thomas Hayes,RP,SS,,
ce0358fd-91f0-47ed-bb60-3929e02a540b,Detroit Bears 2,Ryan Garcia,RP,1B,,
a04acc58-6e37-4579-a4e2-f283d2d26735,Detroit Bears 2,Andrew Diaz,RP,CF,,
9f2f2434-ad38-41bb-925e-5ca2083141f6,Detroit Bears 2,Michael Sanchez,RP,SP,,
477dcf28-ec1d-43a5-a45c-308e28130518,Detroit Bears 2,Joseph King,RP,RF,,
30042604-8655-465f-b9ef-a694f8f7b9e5,Detroit Bears 2,William Garcia,RP,DH,,
a4f6de2d-9466-416b-9c33-d6ebb697c4b7,Detroit Bears 2,Andrew Edwards,RP,2B,,
60fe4880-6422-4d16-a7a9-2a0ee86f9eb5,Detroit Bears 2,Michael Reed,C,RP,1,
05ab633b-001f-4a18-aff6-27e646231725,Detroit Bears 2,Ryan Foster,1B,SS,2,
c35776ee-4a16-475c-ae2d-e75e05d41522,Detroit Bears 2,Brandon Baker,2B,DH,3,
5d7a1fa2-00b0-446a-94b3-1be41a6176be,Detroit Bears 2,Ryan Parker,3B,DH,4,
d590566e-f038-49b8-9c61-ffb547fe635f,Detroit Bears 2,Robert Adams,SS,RP,5,
269c0979-63da-445d-8485-04948ab94abe,Detroit Bears 2,Andrew Adams,LF,DH,6,
7fa95b3e-d7da-4dec-b080-8189c03b6c21,Detroit Bears 2,David Turner,CF,SP,7,
23c5b3c7-899f-492e-b1a0-17a9341385c4,Detroit Bears 2,Mark Lopez,RF,CF,8,
7cccdceb-9e48-4706-adc0-f79933614d3e,Detroit Bears 2,John Sanchez,DH,2B,9,
fa65bdcb-9b6d-47f0-a8fb-cce1d8c0bb19,Detroit Bears 2,Michael Reed,C,RP,,
4e40b7d5-209f-4bae-b108-11865f4f2533,Detroit Bears 2,Anthony Turner,1B,SP,,
ac7befe8-6690-4671-bf19-0bbaa93dfe99,Detroit Bears 2,Nicholas Hayes,2B,3B,,
25787a81-d239-4590-bfd5-34830594470b,Detroit Bears 2,Anthony Parker,3B,DH,,
5ed19c91-28f3-441f-a1e6-0acee7381b0d,Detroit Bears 2,David Johnson,SS,RF,,
638d9406-ce4a-4203-8169-38cf387e3445,Detroit Bears 2,John King,LF,CF,,
63452e50-c8e5-442f-8b17-468a179a06f5,Detroit Bears 2,Daniel Garcia,CF,3B,,
17629db3-d3b2-438f-a9ee-506040485a42,Detroit Bears 2,Matthew Foster,RF,2B,,
3ce94832-bce6-4c36-8fee-7837e36a7d35,Detroit Bears 2,Anthony Walker,DH,SP,,
95279c08-e011-4fbf-b7cf-56d9a0cee92a,Detroit Bears 2,John Baker,SP,2B,,
6cae008e-b7f1-4d87-8e33-a2be90be9673,Detroit Bears 2,Robert Johnson,RP,RF,,
4f68533b-50bf-42a5-8f4f-ce5d89eecfc5,Detroit Bears 2,Joshua Hayes,C,CF,,
84b83235-f657-4517-a046-0438d59bbead,Detroit Bears 2,Brandon Walker,1B,3B,,
ce89bb49-ac46-49d4-8bbe-7ccf6d3a4f7c,Detroit Bears 2,David Baker,2B,DH,,
de370599-b7de-4b25-8683-272ac9a16884,Detroit Bears 2,David Diaz,3B,LF,,
ccafd20e-25ab-4335-8f1b-cd3daf2928cc,Detroit Bears 2,Anthony Morris,SS,SP,,
fce53f24-a9f8-4bf2-ae93-110964caf66c,Detroit Bears 2,John Irving,LF,RP,,
65841f21-31d4-4eca-9e2e-9062c8decaac,Detroit Bears 2,Jordan Hayes,CF,LF,,
d5296c66-9153-4da0-b155-aece25c868ee,New York Hawks 2,David Turner,SP,C,,1
bc13b2bb-12ca-48d9-b557-ba6f469edb57,New York Hawks 2,Tyler Morris,SP,C,,2
fb353c6f-4ffb-45b2-b616-81f912047669,New York Hawks 2,Tyler Lopez,SP,SS,,3
a8a3a296-a411-4e94-b5d7-67aa54f662d0,New York Hawks 2,John Nelson,SP,LF,,4
684306ea-dc23-45a9-a89b-8bd7b0a0e801,New York Hawks 2,William Edwards,SP,C,,5
51cee138-e63c-4963-95b7-0d2e4178d92b,New York Hawks 2,Joshua Walker,RP,1B,,
404fe42a-7ac4-48cb-a8e4-cae043f0be81,New York Hawks 2,Joshua Diaz,RP,DH,,
e60f9804-5535-4cb7-afc0-616208b28a85,New York Hawks 2,Matthew Turner,RP,DH,,
4c2ddc68-7b4a-46d0-bcf1-e751352497a9,New York Hawks 2,Daniel Walker,RP,3B,,
85461326-8fc7-4310-8e34-f20e20b7acde,New York Hawks 2,James Diaz,RP,DH,,
76c19682-44db-4a56-9ee9-795e0f488141,New York Hawks 2,John Hayes,RP,SS,,
908d15ef-8588-42ce-a200-2c9bf77db748,New York Hawks 2,William Garcia,RP,SS,,
c4a665f0-e45b-4845-a790-74e2989b8450,New York Hawks 2,Tyler Johnson,RP,3B,,
8501e2e1-425e-4d7a-87a7-d0ab8d95670b,New York Hawks 2,Thomas Owens,C,CF,1,
de240457-a9c4-48c9-a512-0042a431c727,New York Hawks 2,Nicholas King,1B,SP,2,
8f6d0b37-72d6-4466-9bc9-c67454bdc202,New York Hawks 2,Nicholas Reed,2B,CF,3,
703e3133-5016-429d-9097-a78e0d5683db,New York Hawks 2,Joshua Turner,3B,C,4,
3bdd249c-3304-4170-838c-8f3fba35073d,New York Hawks 2,Joseph Edwards,SS,LF,5,
af3e5eb3-5bfb-431d-aa2a-0e6f56bc661a,New York Hawks 2,Joseph Garcia,LF,DH,6,
7c7af143-f0c4-411a-9268-deacdc8615c8,New York Hawks 2,Mark Edwards,CF,2B,7,
08a4c9b4-6e67-48d3-a02e-bfa1b0b3f05a,New York Hawks 2,Ryan Hayes,RF,SS,8,
aacb64f9-b449-4087-884b-4db1aa7efdc0,New York Hawks 2,Andrew Diaz,DH,1B,9,
ffb0d32b-bc5f-40e9-99c7-8ef991a5cd49,New York Hawks 2,Daniel Baker,C,CF,,
15dd34a0-6743-46ec-aad0-d22b60badfb4,New York Hawks 2,Joseph Edwards,1B,SP,,
98a5ce7e-0bd3-498d-8308-369a58974f9e,New York Hawks 2,Nicholas Lopez,2B,3B,,
5e736f07-0fba-4cea-b5a4-2da855f23275,New York Hawks 2,William Hayes,3B,1B,,
e6067fa7-ade2-415d-8f4b-d0b7938c9f74,New York Hawks 2,Samuel Foster,SS,3B,,
494660e9-2924-4f21-aca0-e4ac69db10ca,New York Hawks 2,Jordan Foster,LF,DH,,
43509c17-3307-4d09-8425-0db93d0ca355,New York Hawks 2,William Johnson,CF,SP,,
909776b7-d594-437e-9dba-e61c615e8237,New York Hawks 2,Thomas Lopez,RF,2B,,
7909fc46-c23c-4f96-8ca8-fc6e45accd29,New York Hawks 2,Nicholas Hayes,DH,CF,,
4b0e6ce6-a04d-4d3a-b3fe-8adc229429fa,New York Hawks 2,Joshua Walker,SP,RF,,
6467fe4a-2254-4752-9c66-a932db59e868,New York Hawks 2,Daniel Johnson,RP,SS,,
18872404-e043-4632-927d-bea998b49753,New York Hawks 2,Samuel Adams,C,2B,,
c44d129c-260b-4a8b-a45f-4b850d08882a,New York Hawks 2,David Sanchez,1B,C,,
277a12fb-99fc-4453-be9a-075358b81c5b,New York Hawks 2,Tyler Carter,2B,DH,,
ad50072e-36ba-4b10-97b7-b1560fa2ec67,New York Hawks 2,Thomas Adams,3B,2B,,
f4108f2b-8e8c-415f-ac12-f332b004ce8e,New York Hawks 2,Thomas Johnson,SS,RP,,
f6144d46-d6ae-492f-8a57-c1742a5ce763,New York Hawks 2,Joseph Owens,LF,SS,,
31143d95-a387-47ad-9806-6024abdd57d5,New York Hawks 2,Nicholas Sanchez,CF,RP,,
be1470e0-9fa9-40fd-ba53-a94017646122,San Francisco Owls 2,Mark Foster,SP,LF,,1
c856bf80-797c-42d2-8cce-011b76f692f8,San Francisco Owls 2,Nicholas Owens,SP,LF,,2
7fbefa2f-c9a4-4313-b20a-42b99792821e,San Francisco Owls 2,Joseph King,SP,1B,,3
5784d967-120d-4883-8f12-de95eafc43f7,San Francisco Owls 2,Anthony Turner,SP,CF,,4
8df77dc6-9374-48f0-8b5d-7876660bb9be,San Francisco Owls 2,Andrew Irving,SP,DH,,5
9e807ce9-c3f9-478f-8218-49446cd17435,San Francisco Owls 2,Nicholas Sanchez,RP,RF,,
8c999649-ca98-4240-bf76-7567dabfca9d,San Francisco Owls 2,Mark Foster,RP,CF,,
73f4e7dd-4461-4b23-9c8e-8d545d872773,San Francisco Owls 2,Anthony Foster,RP,LF,,
575e2e23-f27f-4893-a1be-e02a45035f2a,San Francisco Owls 2,Samuel Adams,RP,RF,,
fd46ec09-f569-47f6-afbb-60db3f71933d,San Francisco Owls 2,Anthony Garcia,RP,3B,,
38258751-fbde-4e06-bdc2-26efd5f3e643,San Francisco Owls 2,Matthew Walker,RP,LF,,
c216a8a1-2f1a-4f59-81d8-412ed34459f1,San Francisco Owls 2,Thomas Irving,RP,CF,,
c53437c6-af3b-40c3-bac3-dc8d95df8075,San Francisco Owls 2,John Reed,RP,2B,,
89bcd9b1-5337-4e51-853f-0184af08e6d2,San Francisco Owls 2,James Foster,C,3B,1,
fbce20ef-08eb-4326-9fef-fae2d89fa080,San Francisco Owls 2,Anthony Morris,1B,SP,2,
7f5b640c-9d2d-40d0-aa4b-d84f8f1718c9,San Francisco Owls 2,James Hayes,2B,RF,3,
98c61fad-065b-4bab-bcab-4bc5bbe562f9,San Francisco Owls 2,Jordan Parker,3B,CF,4,
c1ef976e-b1bc-4679-8618-c30dcaea21fa,San Francisco Owls 2,Michael Baker,SS,1B,5,
8a8817f5-197f-4355-bfb1-53ba690a16c3,San Francisco Owls 2,James Diaz,LF,1B,6,
517b4cf9-1b29-4bf6-914c-05eb0c0a6d45,San Francisco Owls 2,Thomas Reed,CF,LF,7,
0b702dc3-d37d-4550-b1f6-415ea3a83b5f,San Francisco Owls 2,Mark Foster,RF,1B,8,
c9847428-2429-4f0a-94e7-c9e1211db1dd,San Francisco Owls 2,James Foster,DH,3B,9,
f7ab0a9b-c9a0-4a1e-9644-801d61e68af0,San Francisco Owls 2,Tyler Walker,C,1B,,
8749986a-90bb-4726-af0c-9a71501a20e8,San Francisco Owls 2,Daniel Sanchez,1B,RF,,
2d8ae008-9c36-4e7c-b621-766e8613949a,San Francisco Owls 2,David Irving,2B,RP,,
f0bcd233-3977-4434-bc5f-ed76e3b9db85,San Francisco Owls 2,Jordan Diaz,3B,2B,,
02f2a3ac-7882-47d0-bfac-8341673ac5f2,San Francisco Owls 2,Joshua Walker,SS,2B,,
e1d6cb29-e9c6-43fa-badf-2d71cd209769,San Francisco Owls 2,John Irving,LF,3B,,
a18b23aa-e752-4f2d-a5d7-6d2df8a6340b,San Francisco Owls 2,James Parker,CF,RP,,
332a5bfb-12c4-48bc-97e9-0f385057eb1b,San Francisco Owls 2,William Walker,RF,C,,
f41840bb-74aa-45e9-b24c-c2309274a7aa,San Francisco Owls 2,Matthew Parker,DH,CF,,
4041e1f8-1d5c-4ab7-9de5-018f536970ad,San Francisco Owls 2,James Edwards,SP,DH,,
4356ee50-c5f2-4a29-8740-669035d5979e,San Francisco Owls 2,Anthony Baker,RP,SS,,
b4202cac-4454-4c0f-afc6-3a601aaea71d,San Francisco Owls 2,Brandon Adams,C,2B,,
45f07878-9a0c-4591-8088-e6074be29bd4,San Francisco Owls 2,John Carter,1B,C,,
67cacae5-7183-4dd7-a4fd-f45d26310b06,San Francisco Owls 2,Samuel Johnson,2B,RF,,
94b78113-887e-4311-9f77-f10fb6c27322,San Francisco Owls 2,Andrew Garcia,3B,SP,,
c8f9dc67-408b-499a-900d-34f72c04d589,San Francisco Owls 2,Samuel Sanchez,SS,SP,,
84b3b05f-5809-4e92-8120-654a62eabbc7,San Francisco Owls 2,Joseph Foster,LF,1B,,
240490e0-1f9e-4908-9a61-de712f894574,San Francisco Owls 2,Anthony Adams,CF,RP,,
33138a58-cffb-420e-98bc-62fb93226475,Washington Aces 2,John Carter,SP,3B,,1
895f8d57-1b9f-40b4-ae04-7f1018642431,Washington Aces 2,Jordan Johnson,SP,DH,,2
c0fa6e01-50f7-4760-85a5-944f173073ad,Washington Aces 2,Andrew King,SP,RF,,3
2f635b3b-0e67-4ca9-8bae-d77f9c7a8243,Washington Aces 2,Brandon Baker,SP,CF,,4
6518ffa0-f8dd-4ffd-ae27-141f4f3ed238,Washington Aces 2,Michael Foster,SP,LF,,5
1760734c-1a1c-4952-bf6a-19ebfa2a7651,Washington Aces 2,Joseph Edwards,RP,1B,,
fbb7d877-8b8c-4ca1-9138-4c4943082134,Washington Aces 2,Michael Carter,RP,LF,,
2b17dfcd-a5db-43dd-aaf0-c3c627e003cf,Washington Aces 2,Brandon Adams,RP,DH,,
95fc3449-28d6-4182-a7d3-218550cd3e08,Washington Aces 2,Michael Morris,RP,SP,,
60194160-2e50-4a61-9e5e-72b9bb3f4b3d,Washington Aces 2,Robert Morris,RP,SS,,
3f850a0a-3a75-44b5-be2f-2b75016f1786,Washington Aces 2,Daniel Reed,RP,C,,
f4c28088-862a-4c87-b9bb-ad7d7c279f61,Washington Aces 2,Michael Reed,RP,SS,,
23b9ff6f-e8b1-44b8-81f7-2467acb1de22,Washington Aces 2,Mark Carter,RP,SP,,
91c50e04-a58f-4470-ba3e-55ab91a1aaba,Washington Aces 2,Daniel Edwards,C,2B,1,
3d1973fe-f2e9-4eb2-82fe-57022e52d6c7,Washington Aces 2,Samuel Morris,1B,SP,2,
1c0c58f7-dadb-47c8-815f-5f24317e3f3a,Washington Aces 2,Brandon Garcia,2B,1B,3,
5c760a68-a4f9-4a9c-9a2b-0d22bf909f28,Washington Aces 2,Andrew Nelson,3B,SP,4,
7cc50823-6194-4b1c-a0ea-d9281c5882e2,Washington Aces 2,Robert Sanchez,SS,SP,5,
fa39f577-e433-4ae9-bc03-40085c57e6a2,Washington Aces 2,Tyler Irving,LF,3B,6,
d016e851-8367-4267-9824-0e8520d50034,Washington Aces 2,William Owens,CF,LF,7,
4544851e-6ca7-42b8-9572-0fe6fb816019,Washington Aces 2,Joshua Foster,RF,RP,8,
7f54e4b4-6a9c-4e35-a558-c69606314bf8,Washington Aces 2,John Morris,DH,LF,9,
f5879faa-dd88-42e7-a51f-416f0a39aeb3,Washington Aces 2,Matthew Baker,C,SP,,
ac90b69f-02b6-4388-a0a3-c3c29dd4e32a,Washington Aces 2,Nicholas Owens,1B,3B,,
3f434eda-c12c-4ace-a5b6-b23cc424a41c,Washington Aces 2,Joshua Johnson,2B,SP,,
873d44a1-e416-4661-bbd7-c939e9a4a7f4,Washington Aces 2,Jordan Diaz,3B,1B,,
65c7e59c-91da-47c0-a0f5-1753ce1f3d1a,Washington Aces 2,David Hayes,SS,LF,,
abd1c2db-6d6f-491c-bc61-765152a7ebbd,Washington Aces 2,Brandon Morris,LF,RF,,
2eef9951-b4cf-4311-85e8-99395b0a2236,Washington Aces 2,Robert Irving,CF,C,,
a6b95e1e-adcb-4284-acc3-0a1f192a83cd,Washington Aces 2,Joseph Irving,RF,SS,,
3063e4f8-5fe5-46d0-a364-22e43baf750b,Washington Aces 2,John Sanchez,DH,RF,,
1e3d83e7-d715-477f-a156-8e79cfeee666,Washington Aces 2,Samuel Hayes,SP,RF,,
cd442693-f306-4de4-951d-6b129e8338e9,Washington Aces 2,Robert Diaz,RP,DH,,
3aa0c833-3c42-4d03-909e-c643c6b759be,Washington Aces 2,Brandon Adams,C,LF,,
f17a6658-7214-407e-9de2-da27b2ea3b0b,Washington Aces 2,Robert Edwards,1B,LF,,
a5a219c4-63ba-4602-b0ef-2fc94c84bec2,Washington Aces 2,William Lopez,2B,1B,,
1164d459-ef5b-4ff1-ad7f-e00770f0bc61,Washington Aces 2,Daniel Morris,3B,SS,,
1d28a924-4ce3-4fb8-b545-5fb7cb3cc83d,Washington Aces 2,Andrew Owens,SS,DH,,
48757f19-dc32-4726-8393-ba997c9cbc63,Washington Aces 2,Samuel Reed,LF,SS,,
8c1559d4-bf30-41cb-b591-3c15562d9ee5,Washington Aces 2,Daniel Carter,CF,DH,,
